id,titulo,año,duración,rating,sinopsis,genero,director,actor
1,Ago trouble.,2008,139.65,3.4,Smile society never already.,252,835,993
2,Away fact for.,2014,97.5,4.6,Responsibility none family need.,4,154,786
3,Recent able hand.,1990,105.44,3.8,Mention arrive particular trouble never something person.,202,340,908
4,Outside modern.,1989,104.65,1.7,Century rate head idea parent.,992,716,316
5,Down behavior.,1983,84.55,1.9,Relationship will yeah marriage certain drop both.,920,432,231
6,Difference break.,1985,107.26,4.1,Interesting point cup I pull few available.,119,923,122
7,View fire total.,2010,124.65,3.0,Media official democratic but effect.,163,252,74
8,Many keep pass.,2004,171.63,4.0,Store visit style here north.,886,115,205
9,Glass.,2024,82.92,4.8,Whose short manage cold room.,912,125,500
10,Million determine teacher.,1981,156.56,2.8,Compare take population.,741,641,777
11,Miss similar money cause.,2022,124.8,4.2,Thus deep up medical stand low.,308,703,489
12,Bring training thought.,2018,150.57,4.0,Bank book policy including executive upon.,480,741,117
13,Record across future.,1993,172.96,1.1,Especially interesting everybody could.,47,340,793
14,Employee task.,2007,122.88,3.5,Firm reflect strategy many though end.,418,745,26
15,Matter firm.,2010,88.52,2.9,Rest else successful whatever cell rich.,443,624,745
16,Training specific middle.,1993,145.15,3.2,Network computer night particularly.,756,156,774
17,Grow worry thus.,2011,171.17,3.3,Clearly event traditional final work different central.,837,238,985
18,Reality all.,1995,93.47,2.5,Old believe important thought few who.,723,696,803
19,Heart trade.,2014,146.07,2.1,Thousand shoulder read hand base task image.,156,553,596
20,Something whose.,1983,164.39,3.1,Hour voice because personal.,161,318,102
21,Perhaps evening despite.,2005,124.17,1.2,Source prevent heart business.,777,855,5
22,Big of reveal.,1989,152.37,5.0,Director around hard back light.,286,841,2
23,Contain really.,2017,91.82,1.1,Main goal else generation grow which control.,916,638,746
24,Protect participant.,1983,130.76,4.9,Finish protect address itself drug believe teacher.,592,48,400
25,Everybody beat who.,1984,142.29,4.6,Item case father traditional sing national area.,218,574,746
26,Generation it player.,1982,83.23,1.4,Future off keep account blue.,466,615,554
27,Call today recognize.,2019,85.8,1.4,Send number feel interesting camera heavy southern.,645,497,955
28,Set establish goal course.,2000,162.91,5.0,Street fill north.,899,797,240
29,Heart order.,1981,103.41,2.6,Place top analysis family generation short push born.,922,991,300
30,Value recently better.,1981,179.26,3.4,Push bed mind lay city take.,315,584,647
31,I sure record.,2004,139.54,1.0,Style on special because.,723,865,512
32,As two mother message.,2007,96.83,1.2,Produce easy strong a their approach newspaper.,127,872,745
33,State behind.,1989,114.51,3.9,Bad we nature too likely.,999,692,418
34,Left probably approach.,1982,159.04,3.1,Real can true half tell build.,292,996,770
35,Forget argue hold five.,2024,118.24,1.2,Process history road ago hand.,813,886,586
36,Every each employee.,2017,139.64,3.4,Home sound possible reality reality how.,470,869,754
37,More.,1980,121.37,3.7,Authority half place soldier large.,901,626,266
38,Human school.,1989,170.65,1.5,Sort look six should how job common.,637,630,26
39,Father where education.,2003,165.33,2.8,Gas Mrs there high me apply.,651,118,734
40,Reach send which.,1989,102.53,3.0,Dog media standard hair meeting source Democrat.,334,955,855
41,About physical never.,2008,80.12,3.8,Hair may civil rock music hour stage several.,267,816,245
42,Thus event large.,1997,94.55,2.8,Understand your side tonight couple water.,20,101,546
43,Month report.,1990,109.84,5.0,Animal history almost wife most.,300,921,367
44,Far.,1987,124.81,4.9,Theory age community among material pay human.,380,923,714
45,Them fine.,1996,122.6,3.4,First give thus property capital campaign dog.,472,788,851
46,Mean fish.,1992,119.12,1.9,Election friend effect in left.,899,271,360
47,Window industry fire.,2007,152.75,3.5,Detail to have.,274,892,999
48,Develop scene according expect.,2012,137.75,2.0,Several term page resource watch thousand.,731,209,57
49,Bag change.,2012,131.62,2.3,Difficult yard major ready unit agent painting church.,547,353,808
50,Name decision.,2002,119.5,3.1,Manage skill increase.,51,510,303
51,Woman trip.,2008,122.58,1.6,Mr debate various full.,945,407,763
52,Society every.,1989,122.87,2.5,Work address item difference.,797,780,315
53,Natural speech else.,2009,142.34,2.7,Sport none allow threat speak suddenly.,400,251,792
54,Trial national thought.,1986,85.17,1.4,Mother development future.,349,88,149
55,Past catch.,2021,102.74,1.9,Reflect receive water week.,277,232,82
56,Billion machine age.,1980,130.88,4.1,Pay far my move.,866,254,980
57,Stage wall claim.,2006,146.0,4.3,Through top do happy tree cause.,139,115,58
58,Exist yes lawyer.,1982,140.85,1.1,Focus community decision laugh.,668,251,718
59,Late course than.,1982,87.56,4.9,Respond approach whatever gun front claim attack.,10,448,954
60,Everyone agent.,2015,81.82,4.9,Lead red yard future card suggest.,354,317,813
61,Seat along.,2024,117.7,2.2,School main business free.,861,105,680
62,Executive require occur.,2019,154.49,3.8,Deep visit west city radio part suffer.,180,568,561
63,Plant hand.,2020,167.13,1.6,Any final wind interest figure very it.,39,521,363
64,Great space claim.,1985,111.57,3.3,Against style short base smile child consider.,289,265,179
65,Success who.,2022,89.45,3.5,Carry term bit sound without.,81,277,766
66,Chair blood.,1986,112.46,1.3,Fly challenge strong attention seat.,94,936,397
67,Nice sport.,2023,89.4,2.5,Leave attorney trip collection order.,476,600,28
68,Whose.,1992,157.88,2.5,Sure society first wide participant writer look.,777,812,300
69,Spring event.,2020,170.12,3.6,Full quality catch eye.,600,661,173
70,Character common.,2024,164.84,3.2,Send house impact recognize.,886,827,592
71,Detail federal its treat.,2002,134.27,1.7,Sit fine party themselves.,979,51,452
72,Total character successful.,2007,169.69,4.1,While character only production admit single.,643,979,475
73,Once officer or.,1992,141.5,2.0,Tend state eat four.,699,126,47
74,Treat sound because.,1983,169.34,2.0,For maintain station house society notice.,655,470,979
75,Down phone.,1987,163.01,1.5,Those play artist collection.,949,408,190
76,Career moment.,2002,88.32,3.4,Especially information personal address draw dream.,227,479,808
77,Pressure these better.,1994,86.93,4.9,Kid wait half speak cell picture type.,826,276,686
78,Show development as billion.,2000,122.6,3.7,Area staff start significant three budget serious.,730,619,343
79,Usually less.,2009,119.56,2.0,Half practice third because side teacher thus.,858,943,784
80,By natural another.,2004,105.47,3.3,Bill wonder make sing receive consider detail.,524,232,603
81,Thus power.,2007,107.06,2.5,Class hold establish first lose why over.,987,45,934
82,Ok contain behind.,2002,95.21,3.2,Moment itself again plan.,159,593,214
83,Apply shake hold structure.,2020,155.81,3.9,Voice financial fight key security.,487,687,139
84,Type involve.,1984,83.96,4.8,Represent expect recognize spend past man be.,240,391,857
85,Firm brother skill.,2018,173.13,4.0,Need forward ball buy else.,480,533,155
86,Expect forget effort.,2001,119.14,1.9,International drive respond record out professor.,205,277,999
87,Name model.,2012,94.52,3.3,Energy stay growth most.,356,360,196
88,Impact important arm.,1985,179.4,4.1,Tv smile decade especially politics case.,329,762,607
89,Issue then.,1991,81.25,2.6,Government people arm white.,255,499,59
90,Kind mean very.,2016,158.94,2.1,Action director picture unit year anyone.,492,943,298
91,Everyone think.,1985,133.13,1.3,Night clearly program everybody tree find.,51,541,394
92,Way culture.,2022,161.13,4.9,Decision evidence alone sound former.,279,219,739
93,Street.,2024,112.84,3.1,Assume whom public forget hotel pressure surface.,36,122,653
94,Wonder accept.,2003,158.0,4.6,Our happen support.,124,620,711
95,Doctor dinner above.,1994,177.44,3.9,South culture high final reason.,266,392,975
96,Then resource be.,1987,80.7,5.0,Reason trial them join official cut.,656,269,631
97,White the.,1990,107.8,1.6,Article popular window man may mother.,333,707,257
98,Almost.,1982,148.4,4.1,Follow generation administration understand focus subject painting understand.,475,6,186
99,Sign new.,1980,166.15,4.5,Project message hundred make.,514,717,622
100,Determine factor.,2013,179.61,1.4,Deep but gun painting tonight PM action.,797,614,453
101,Indeed any line.,1992,164.12,3.1,Good education Mrs dinner.,146,560,993
102,Onto region manager.,2008,147.53,1.9,Way week area tonight floor authority movie.,85,598,143
103,Chair type.,2018,159.37,1.1,Consider seven get next personal government.,756,413,134
104,Green outside southern.,1990,88.17,1.2,Left dog coach hot.,661,834,543
105,Usually.,2001,86.43,3.3,Still newspaper act individual later picture along hundred.,829,736,417
106,Heavy easy science.,2010,114.06,4.6,Guy face lead indeed employee.,622,598,541
107,Wish hour force service.,2006,142.19,2.0,Catch practice plan television exactly item pass people.,104,465,458
108,Find sit perform.,2001,137.43,1.5,Him mission magazine.,813,49,486
109,Should usually.,1991,89.27,1.7,Start hit course old.,748,42,620
110,Threat it rich.,2016,138.53,1.8,Worry worker when surface town professor party born.,846,78,20
111,Design down hundred.,1986,102.21,3.2,Wife eat force plant.,673,227,107
112,Happen fine stock.,2006,144.24,3.2,Article card standard matter surface.,35,94,206
113,Market everybody.,1995,120.78,1.6,Produce you peace research wife.,328,253,819
114,First college race.,2004,104.92,3.0,Reach child left require budget line its.,957,239,83
115,Indeed one practice.,1995,165.39,3.9,Not into shake will north just.,742,119,397
116,Try office toward.,2018,145.27,2.4,Across actually yet lawyer argue.,897,309,590
117,Health peace future.,2013,91.42,4.7,Surface song thought teacher.,835,610,514
118,Leg.,2003,145.03,3.5,Green skill yard why positive need.,909,510,876
119,Recently door.,2005,93.43,1.7,Any the tough voice require someone style kitchen.,854,82,581
120,Small himself sometimes.,1986,144.44,5.0,Sing fact safe very.,392,37,884
121,Seem executive.,1984,86.31,3.2,Sort glass structure ten person cause.,98,621,506
122,Similar glass.,2006,160.26,2.0,Phone buy television skill look stop anything order.,343,351,406
123,Fight eye act audience.,1997,141.07,2.4,Team fish direction spend several maintain pressure.,378,431,23
124,Receive capital fly.,2013,105.12,4.6,Memory herself experience chair.,871,275,470
125,Nothing alone.,1983,106.32,2.0,Even development above operation yet Mrs.,599,585,938
126,Evening even.,1984,159.77,1.1,Smile film property give perhaps.,55,717,508
127,Owner.,1980,147.68,3.2,More in task.,889,386,499
128,That care.,2006,119.68,1.6,Century point ago change sea.,743,734,148
129,Garden term.,2000,80.71,1.7,Point art example end apply.,702,117,882
130,Method thing walk.,1995,94.44,2.3,Especially class wife partner summer.,706,184,728
131,Hit piece chance sometimes.,2012,116.9,4.0,Begin president clearly party economy too.,242,669,831
132,Line field.,1995,150.42,3.4,Report speech view majority tree.,89,433,662
133,American low treat.,2018,95.59,1.9,Fish can affect.,14,393,854
134,Catch statement herself.,2004,127.21,1.4,World maybe condition growth.,528,686,811
135,Budget protect.,2007,128.07,3.0,Article race do father political.,127,403,739
136,Support save blue.,2023,131.45,4.8,Method statement American alone image fine bill.,567,115,405
137,Phone.,1988,167.84,2.6,More throw scene news from surface.,720,207,235
138,Foreign discover many.,1983,151.45,4.1,Expert result movie character bill.,376,805,279
139,Happy leg.,1993,178.47,1.8,Successful somebody weight build wish writer great.,14,933,729
140,Pull report ago.,1986,173.22,1.9,Claim and western letter service have.,6,82,210
141,Best foot thought.,2003,148.08,3.0,Strategy others college recently.,544,101,28
142,Represent.,1991,88.74,1.2,Level compare piece.,182,437,780
143,House my remember lose.,2014,174.29,4.8,Me particularly protect place billion impact claim.,77,943,722
144,Machine property toward.,2009,96.35,4.9,Grow environment speak local.,489,677,338
145,No out fill.,2022,87.68,3.0,Material two indeed purpose yes specific truth final.,585,582,435
146,Serious new.,1984,129.08,4.2,Project charge you so meeting.,619,976,67
147,Character.,2011,177.57,2.1,Man list until Mrs source keep.,858,402,832
148,Exist foot.,1980,104.33,4.8,Serious positive home very clearly early.,87,751,333
149,Bring town.,2014,165.02,1.7,Only conference heavy executive sport president family Congress.,578,405,332
150,Gun because whatever.,1999,111.88,4.0,Member morning second indeed.,531,129,855
151,Education hour Republican.,2005,179.58,2.2,Huge you term put.,139,745,661
152,Free decision whatever.,1982,138.02,4.7,Include beat pattern enter age machine member.,42,984,980
153,Community direction maybe.,1985,123.39,3.4,Upon entire quality change road garden.,282,658,101
154,Suddenly place left bag.,2004,80.87,1.7,Treatment speak close cup executive.,523,376,248
155,Evening ball.,1988,108.17,4.2,Stuff house rate west art spend wife like.,445,438,239
156,Contain education.,1991,103.24,2.0,Mr tend recent their relate.,87,645,879
157,Professional forget data.,1980,83.49,1.8,Pressure such senior indicate.,91,380,682
158,Leave air.,1987,163.82,4.3,Forward wide lay radio one hospital inside.,150,280,621
159,Cell bit.,1997,172.76,1.2,Debate seven house ask company century.,862,81,375
160,Heart couple.,1990,170.05,1.4,Might soon whose follow develop.,742,768,523
161,Man billion.,1988,154.78,3.0,Reason decide look employee born.,510,69,141
162,War Congress standard truth.,2018,128.24,2.9,Choose team wonder week population without cover nearly.,708,518,346
163,Fact difficult.,2002,154.76,3.9,Catch themselves language everything left.,443,972,291
164,Responsibility sing.,1995,108.51,1.3,Worker hotel size detail art bar friend.,35,250,288
165,Total.,1984,89.76,3.8,Ball boy nothing at though.,599,348,90
166,Often authority read lay.,2017,109.58,4.2,Story lot century fund.,703,793,440
167,Former happy.,1997,130.31,3.4,Toward record strategy.,519,526,833
168,Policy.,2014,113.55,4.6,Film everyone three part tax ready.,654,491,460
169,Knowledge morning road deal.,1984,120.71,3.4,Expert debate matter keep group.,537,572,955
170,Woman memory buy society.,2011,148.74,2.9,Discover player station second watch ground.,545,882,567
171,Street modern near.,1990,127.93,4.4,Administration job will skin successful.,34,697,112
172,Energy spring.,2009,157.62,1.4,Training pass agree make.,228,883,481
173,Stage drop teacher.,2010,105.47,2.1,Woman easy knowledge themselves rate.,329,300,509
174,Order outside unit.,2023,133.6,2.1,Car southern future soon onto center later watch.,409,540,381
175,Various radio beautiful find.,1985,178.47,3.4,Scientist cup have health water quality town.,258,23,71
176,Color inside.,1982,155.79,2.9,Everything military point across.,698,973,477
177,Power right.,2005,102.95,4.0,Fly research Mrs establish sign turn lot.,923,760,818
178,Away play.,2003,147.64,4.9,Knowledge current themselves citizen into woman five.,326,831,69
179,Behind cold feel.,2024,176.34,2.1,Effect contain you buy fill process customer study.,268,207,62
180,How ask him.,1996,93.96,4.2,Manager strategy yeah term.,53,225,918
181,Another why least.,2004,150.36,4.4,Sound onto concern move during until next.,819,217,374
182,Eight nor indeed.,2020,150.85,1.8,Summer four loss picture add raise.,263,760,601
183,Art soldier above.,2023,152.0,3.7,Approach local bag indicate Mrs deal trouble.,514,365,977
184,Miss.,2005,96.6,4.8,Purpose else responsibility grow base gun much.,160,50,627
185,Buy although.,2013,163.28,1.8,Experience interest wind so strategy computer until despite.,211,27,978
186,But lay.,2018,171.1,3.1,Meet will take of.,891,485,5
187,Sort hold.,1999,170.33,4.8,Card Mr can fear year day.,485,805,137
188,Book painting per.,1992,170.88,4.7,Once clear between sit art order series.,363,968,737
189,Myself notice billion.,1981,113.4,1.0,Low on discuss.,78,259,885
190,Sea police there.,2003,165.65,2.2,At record cut.,229,949,256
191,Strong ten above.,2022,160.65,4.0,Design pick when century radio put finally pretty.,883,491,404
192,Thank different any.,1984,130.66,4.6,Despite himself teach laugh.,788,457,608
193,Decide a.,2020,80.31,4.6,Participant they like.,912,47,798
194,Resource true.,2018,90.14,2.0,Coach computer from actually say effect.,349,412,341
195,Win somebody open.,2007,122.49,3.4,Moment on short scientist yard big.,542,936,553
196,Between Republican.,1995,116.18,4.1,What movie bill book.,243,127,953
197,Loss girl keep.,1986,137.31,1.2,Dark tax whose.,212,727,599
198,Team foot beat.,1992,81.15,2.4,Practice perhaps director.,46,139,981
199,Simple customer.,1990,129.24,1.0,Truth window traditional quickly if.,405,466,855
200,Staff blood wonder.,2022,166.13,3.4,Success officer reality unit on.,488,868,482
201,Just send.,1994,87.1,4.7,Score offer in majority watch.,320,301,703
202,Can scientist of.,2024,99.65,1.1,Say item letter nice people set.,327,729,797
203,Down little radio.,1992,159.03,4.2,College international physical upon upon never.,47,29,633
204,Respond child step.,2004,161.42,1.6,Writer floor daughter born bad about.,217,537,588
205,Bring billion son.,2020,144.33,2.1,Kid happy recognize subject know.,897,747,365
206,Trial never thousand.,2013,157.5,1.9,Successful against catch because worker threat market.,85,837,460
207,Could fish represent.,1992,148.93,2.5,Available enjoy full offer accept environment across doctor.,988,224,993
208,Political.,2006,91.71,3.7,Meet least store.,804,140,153
209,Indicate off.,1981,122.72,1.4,Although up place seven news.,793,157,75
210,Yeah majority many.,1996,174.51,1.7,Fly nation region blue.,511,788,218
211,Year.,1996,136.5,4.1,Teacher information none the ground church.,185,900,980
212,Computer step.,1993,172.15,3.7,Situation why television attention during.,886,73,518
213,Meeting political painting.,2018,167.46,2.1,Owner although along take theory international type.,608,409,453
214,Modern save.,1998,131.07,4.1,Standard than catch new test cover leader.,329,5,36
215,Around avoid.,2007,153.85,1.3,Join she first.,615,289,35
216,Green suggest.,2003,179.9,1.6,Investment difference building expert concern.,783,356,157
217,Buy despite.,2006,136.99,2.0,Hair where state positive life.,431,798,154
218,Home against.,2016,123.84,4.5,Wall smile inside five window consumer.,332,988,950
219,Child quickly.,1989,86.72,2.3,Soldier ball consumer very.,548,244,841
220,Phone try choose.,1995,115.33,2.4,Maybe professional character they become item save.,499,801,27
221,Everything family mention.,1997,112.42,4.3,She road discussion budget.,434,509,471
222,Effort image.,1989,108.7,3.8,Pass contain return.,229,246,989
223,Tough ground.,2018,91.7,4.4,Design parent account difference of.,53,424,873
224,Choice know carry.,1989,127.32,3.3,By next great ever chance real own.,34,754,17
225,Property professional financial.,1981,158.84,3.3,Bar try loss country treatment already kind.,472,739,738
226,Woman use tell.,2009,85.67,2.0,Beautiful statement over worker to process administration.,239,74,931
227,Employee.,2015,117.53,4.1,Character everyone try Mr hand.,223,468,902
228,Environmental woman product.,2012,86.24,4.2,Near water source answer later leader.,197,952,275
229,Wind according body help.,2016,135.55,2.4,Loss the figure design believe kid.,799,893,296
230,Wall large.,1984,89.79,1.8,Kind wonder lose.,71,817,274
231,Establish sea hold.,2016,121.77,2.2,Hour accept fill board.,414,297,768
232,Wife go spend.,1980,109.68,4.8,Product hour hot.,892,435,390
233,Quite wide you model.,2003,112.54,1.4,Travel suggest somebody marriage water customer she.,737,555,807
234,Control minute.,2018,169.99,3.4,Sign past face there.,501,682,666
235,Pick station close.,1999,110.16,2.7,Pull trouble race enter expert evening there.,459,355,790
236,Game foreign former.,2007,86.5,4.4,Quality actually improve up represent boy.,252,898,673
237,Beat will alone.,2011,137.85,4.7,Example create card member.,523,286,715
238,Director base fear.,1993,176.11,3.2,Involve herself recently break world live concern station.,567,549,768
239,Drive human begin.,2002,114.69,4.2,Rich less along size consumer laugh here until.,665,124,374
240,Record central.,1988,124.98,2.5,Price natural realize arm leave environmental.,375,268,966
241,Same live.,2009,179.11,4.7,People red participant popular growth story over.,467,558,324
242,Future Mrs worker.,1984,144.83,2.8,Animal seek election shake.,907,113,189
243,Theory sit show.,2012,120.75,2.2,Chair coach kind.,992,530,569
244,Plant shoulder than look.,2022,153.7,3.9,Officer past performance perhaps she fine how under.,437,645,531
245,Road little.,1987,161.64,2.7,New feeling during writer.,875,535,184
246,Group why oil girl.,1993,106.83,1.5,Contain low kitchen sort political drive that.,739,610,81
247,Pull half growth.,1986,105.37,3.9,Development ever economic send current seek work during.,178,947,466
248,Reduce end ask hour.,1986,129.4,4.7,Sign feel experience plant democratic.,516,664,796
249,Usually apply whose.,2006,134.93,1.2,Maintain meeting key budget night detail.,723,693,550
250,Wish leader.,2009,130.52,2.8,Dinner church discuss such heavy candidate.,906,668,71
251,Ever decide.,1981,157.76,1.8,Turn improve structure hundred age across.,787,376,734
252,Protect race.,1982,91.55,1.7,Together body toward.,133,14,910
253,Next surface statement.,2021,177.72,4.0,Us house stand check end air list manager.,93,562,497
254,Indicate out threat.,1990,159.67,2.4,Level population however son benefit.,96,813,960
255,Report age.,2011,146.02,4.2,And director final around decade.,368,893,65
256,Manage tell car.,1982,167.33,2.3,Tonight performance bit pressure line toward.,253,688,265
257,Compare.,2011,166.25,3.8,Remember spring hotel else section.,295,926,333
258,Prepare early.,2024,144.09,4.1,Continue happen case character company.,581,487,698
259,Resource meeting table.,2019,156.58,4.5,Special simply sport age happen know structure national.,669,289,843
260,All establish.,2009,107.55,4.5,Local concern half.,217,946,621
261,Range tax.,1997,121.47,3.4,Play describe base seven interesting from.,196,269,313
262,Fight affect even risk.,1992,152.5,4.8,Nothing shoulder may season if huge west.,851,627,886
263,Reach somebody.,2010,167.96,4.0,Fact tough voice marriage.,672,171,48
264,Others could.,1983,101.96,4.6,Size go sure price she walk those movement.,96,817,786
265,Form join official.,2021,112.81,3.6,Nice town within above appear between service.,330,318,844
266,Boy pretty.,2020,162.87,3.2,Maintain family instead role wall.,515,716,739
267,Now.,2021,154.15,1.4,Movement exactly politics record watch.,998,791,290
268,She tax.,2003,148.09,4.2,Price heavy together work role night.,756,453,597
269,Customer arrive.,1999,156.45,4.6,Physical fast determine opportunity.,376,11,979
270,Money her.,1986,141.55,4.5,Building director site management power manage son.,992,484,631
271,Republican deep describe say.,2000,114.47,3.4,Sit remember ahead open beat police.,669,890,343
272,Stand marriage.,2014,92.34,3.9,Cup individual perhaps happen.,281,875,244
273,Drug professional realize.,1983,154.97,1.8,Newspaper officer could score oil seat billion.,486,176,508
274,Huge force our environmental.,1983,164.63,1.3,Family recognize population husband professional.,868,278,976
275,Learn himself measure.,2007,131.84,4.5,North bring office each despite hear heart material.,109,720,516
276,Truth consumer everyone.,1999,159.54,2.0,End size dinner.,86,974,664
277,Never company.,2008,176.14,4.4,Owner discover per without fast.,212,701,121
278,Not military.,1987,128.94,3.6,Role method move begin use marriage hospital.,459,651,220
279,Ability rate.,2021,156.97,4.4,Main staff grow heart.,814,777,480
280,Unit score yourself.,2024,175.86,4.7,Too physical exist ball modern painting consider.,365,489,432
281,Floor city.,2010,164.97,3.7,End situation develop.,1,477,926
282,Project street.,2013,135.93,3.7,Air I debate grow produce stage experience.,996,987,478
283,Financial road even.,2001,128.67,4.1,Boy compare mean view step.,11,234,151
284,Before hotel.,2024,89.67,4.3,Free describe visit government be.,872,965,122
285,Sense suddenly information.,2023,95.34,1.9,Politics mother her will garden would available.,616,849,934
286,We determine factor.,2023,169.73,4.0,Anything quickly management offer computer.,838,564,568
287,Quality hit truth.,2007,97.64,4.6,Phone side trade once understand.,833,122,293
288,Attack begin write.,2001,124.36,3.0,Move usually friend sport whose.,439,431,186
289,Data treat.,1986,104.15,4.6,Former teacher wonder build son network compare.,877,783,633
290,Training us.,1991,160.06,4.5,Always seem official like hospital.,875,844,1
291,Same bar.,2010,125.25,1.8,Where from age remember TV simple big increase.,49,996,304
292,During night.,2006,170.25,3.1,Season food fly watch key court establish hair.,901,126,478
293,Reality quality just maintain.,2017,161.57,4.5,Today treatment certainly represent.,493,776,91
294,International but door.,2005,153.01,3.7,Research movement body begin ball difficult.,15,691,755
295,Strong detail.,2024,101.81,1.9,New community finally research stuff.,691,612,855
296,Stock mouth card.,2021,156.57,3.8,Space finally whether maybe.,240,963,529
297,Plan like.,1982,138.49,2.2,Company least simple exist especially but program.,393,522,489
298,Agency culture fight purpose.,2014,171.78,4.8,Speak institution evidence machine matter.,333,117,358
299,Positive camera.,2007,116.82,3.3,Contain staff item also firm.,615,984,69
300,Finish organization always.,2010,160.94,2.7,Of option experience hand society summer.,371,725,865
301,Mission there.,1996,80.29,4.5,Walk discussion together water social hit participant.,208,625,411
302,Service represent.,1980,153.21,4.1,Current able indicate authority nice fear than.,608,387,519
303,Movement write.,1991,156.65,4.9,Vote almost newspaper western agency us.,142,155,744
304,Century white.,1997,153.0,2.9,Professor fish kind some want suffer.,156,424,997
305,Beat energy.,2014,164.08,1.3,Detail economic indicate agency challenge plan particular.,540,672,984
306,Spend car cultural.,2000,139.55,4.3,Cause exactly court spend.,502,218,295
307,Write.,2007,147.1,3.1,Security garden general protect majority manager.,651,857,789
308,Action difficult painting.,1980,146.22,3.0,Such step important political book.,316,610,853
309,Job focus.,1988,139.45,2.9,Role play serious street idea in attack health.,901,350,86
310,Mind simple their ready.,2017,175.26,1.5,Discuss life they ready above walk.,827,650,15
311,Sea close here.,1980,163.77,4.3,Collection though until action.,582,443,529
312,Democratic run nice.,2024,85.65,4.2,While radio old onto ok only number.,502,904,324
313,Relate everyone artist phone.,2022,80.35,5.0,Skill those read strong.,227,206,160
314,Product.,1989,155.7,1.5,Language floor serve question material nearly herself.,494,471,222
315,Group fast nor.,1999,144.48,4.0,Low bad media beat evidence.,794,218,285
316,Teacher each so.,1991,153.72,4.0,Same watch bag report.,848,392,496
317,Force while author.,1982,139.75,3.1,Former million reflect player prove wonder.,292,482,867
318,Son company partner.,1986,82.89,4.3,Prepare with business.,54,554,65
319,Cup major try.,2007,93.54,3.9,Last writer hour outside central mother.,957,57,428
320,Amount lay.,1981,131.18,2.9,Manager sea something talk receive reach product.,343,62,34
321,Indeed reveal grow.,1984,175.07,2.3,According really contain room.,124,749,272
322,Difference summer.,2021,131.14,1.6,Check field price news hundred maybe near.,136,667,164
323,Owner raise human look.,1995,159.36,4.4,Meet wear woman much value affect personal.,22,42,289
324,Fall billion address.,2012,101.54,4.2,Just new let no agree say.,676,963,745
325,Raise morning.,2002,88.75,1.1,Minute contain our low action manager your yeah.,572,680,794
326,Most again resource.,1989,84.07,3.0,Small fly field opportunity.,478,241,725
327,Carry cup.,1998,157.92,3.4,We want land majority step.,585,993,554
328,There now.,1982,124.43,3.3,City lose any hit writer hundred.,777,177,618
329,Son area.,2009,145.21,1.2,Hard bit model.,141,2,467
330,Reality wish.,1987,126.18,3.4,Walk feel build meet design medical.,15,876,77
331,Hear.,2008,167.7,2.9,National respond see.,642,260,199
332,Environmental might think meet.,1986,123.49,4.0,Newspaper site possible economy.,287,842,885
333,Environment member shoulder.,2014,155.88,4.1,Party visit you have voice.,340,851,561
334,Left central.,1998,105.23,1.4,Director right sing consider treat dinner.,131,699,539
335,Knowledge sit better.,1980,177.21,2.7,Nation for later around people organization bag.,482,424,643
336,Along thing.,1996,96.3,5.0,As box sense.,458,799,302
337,Travel TV.,2021,132.75,4.3,Skin require entire cup sister similar.,790,228,671
338,Visit simply then.,2005,147.67,2.7,City who human writer feel nor question.,925,2,957
339,Major answer.,2009,172.18,2.3,Member specific method walk.,936,317,58
340,Event recently light.,2017,177.02,4.9,Trouble social hotel of simple floor letter similar.,169,447,412
341,Including list financial.,2021,135.9,2.2,Article bit religious last leave human.,993,403,457
342,Him agree.,1989,157.5,2.7,Easy miss site result let suffer.,368,754,969
343,Case risk far.,1999,110.28,1.8,Develop recently skill do protect even late a.,263,395,143
344,Gun last almost.,2022,101.72,3.4,Education hot yet subject me myself after.,262,949,542
345,Make specific country.,2014,100.01,3.3,Again support return build alone agreement.,82,921,150
346,Value similar sea.,2023,160.34,3.5,Scene water plant simply other according.,780,579,498
347,On serious.,2007,122.91,1.9,General thank drive dinner people.,907,244,432
348,Respond impact.,2002,86.59,3.3,Professional instead so policy probably.,880,787,272
349,Bar at economy.,2023,143.24,3.5,Develop sea close information here.,967,892,586
350,Information.,2015,123.96,2.8,Service appear first Mr energy use left hold.,25,432,206
351,Actually to call among.,2012,153.13,3.8,Remain pattern somebody establish side some specific among.,941,15,445
352,Far really politics manager.,2003,93.38,4.7,Actually great sure him area imagine bed.,422,81,138
353,Care.,1998,151.13,3.6,Bill similar candidate ago.,760,413,490
354,Down true feeling.,2020,91.41,2.8,Student put such analysis smile throughout suddenly only.,561,892,468
355,Hospital street nature bank.,1994,172.88,3.9,Score rule public policy new.,190,745,422
356,Painting paper mean.,1999,89.53,4.7,Trip job firm degree administration book past.,358,289,99
357,Son site.,2022,179.51,1.3,Him or exist operation structure treatment whatever possible.,986,432,198
358,Building customer fast.,2024,125.18,2.7,Herself key mission chance trouble modern loss.,627,966,640
359,Current similar.,2019,111.55,4.8,Town name true tax.,740,37,808
360,Brother history.,2003,142.8,1.1,Help accept almost different right.,597,562,534
361,Special what.,2014,108.98,1.6,Anything single available technology gun kitchen help.,890,778,842
362,Seem safe process analysis.,2018,95.55,4.3,Site culture huge behind thank and.,362,393,812
363,Red hear central.,1998,114.56,4.6,Only activity special.,117,627,767
364,Outside my account.,2018,104.46,3.7,Game the visit your long.,390,769,931
365,Near town.,1996,99.09,4.5,Sound major heavy mention former room.,828,796,981
366,Measure often.,2002,81.7,1.1,Tough word turn.,435,932,872
367,Bag special within.,2007,111.95,3.7,List girl collection room reason down.,618,534,808
368,Official.,1994,152.11,3.9,If sing high attention technology reason fund.,787,251,207
369,Against decision image.,1997,100.12,4.0,Ball say clear store suffer story.,601,787,377
370,Difficult.,2012,137.8,4.2,Both away large compare national green group card.,146,744,999
371,Scene reduce.,1987,154.38,3.0,Worry help law reveal professional treatment common myself.,742,900,417
372,Final turn power.,2004,168.67,2.9,Reason individual model bag south.,452,625,126
373,Speak baby.,2006,140.53,3.9,Bar study second possible available.,378,71,693
374,Dark economy finally.,2014,168.44,3.5,Usually policy truth staff anyone.,457,654,699
375,Get control whom beyond.,2000,173.47,4.2,Movie reveal daughter study right vote.,653,370,481
376,Tax beyond.,2000,108.13,4.3,Station chance travel member study entire.,456,636,902
377,From test down.,1992,139.09,4.2,Nor share important.,793,285,703
378,Step reduce us.,2018,152.94,2.1,Expect last each after crime manager young.,593,209,292
379,Wait black everyone.,2010,176.77,2.2,International middle dog machine so discussion.,868,808,564
380,Month strong great development.,1983,122.93,1.4,Else during true memory like.,851,115,101
381,Charge finally travel kind.,1987,156.54,2.2,Century white catch begin model.,777,802,716
382,Daughter tax.,1990,149.91,1.6,Poor series near.,602,789,812
383,Nothing data arrive.,1980,141.11,2.4,Control already realize respond need image.,834,763,452
384,Kind democratic physical.,1985,116.67,4.1,Sing behind civil window realize science best.,257,620,906
385,Never voice main.,1987,105.02,2.1,Century each allow difficult several discuss.,21,499,369
386,Skill board admit recognize.,2021,135.19,2.7,Expect a author big travel because water.,468,820,551
387,Information should scientist.,1996,94.76,3.8,Beat enter some.,239,640,774
388,Former voice.,1997,109.82,4.9,Beautiful field certain which.,878,818,93
389,Staff to begin.,1984,132.1,4.9,Phone soon street seven only guess hard.,720,358,380
390,System what plan.,1988,102.04,2.5,After place west phone first explain make thing.,975,677,95
391,Young best.,1993,103.39,2.0,Young hear we visit father where.,463,118,390
392,Culture leg create.,1985,166.78,2.9,We need his visit knowledge teach.,226,727,646
393,Light common.,2019,114.57,1.3,Five support hit sign history strong.,24,973,904
394,Meet.,2012,85.61,3.5,Song senior page yeah.,886,678,58
395,Establish.,2006,145.78,1.2,Style help through personal.,288,382,9
396,Garden more.,1985,136.16,3.5,Power indeed pull every section.,711,128,110
397,Culture bank.,2000,83.63,1.6,Serious medical each together attack option.,618,184,257
398,Small loss.,2005,95.88,3.9,Thus speak lawyer in.,51,906,506
399,Garden wife.,2014,157.0,5.0,Cause marriage past wall.,465,188,246
400,Help unit method major.,1982,94.9,2.5,Many after unit both hair.,410,923,680
401,Maybe face that partner.,1993,99.76,4.0,Stage rich blue blue about.,313,571,347
402,Tend miss ready.,1993,132.13,3.6,Effort charge draw purpose then scene.,277,882,219
403,School despite recently.,1982,160.62,2.7,Others memory hope nothing stand trial.,677,355,674
404,Song administration inside.,1998,159.44,2.7,Almost hospital letter and answer.,589,83,630
405,Economy president.,2018,87.26,4.2,Value weight administration church these gas.,221,935,291
406,Sometimes operation.,2016,81.79,1.5,Have significant present.,325,980,970
407,Letter quality.,1982,93.72,4.5,Particular sport PM door maybe decision figure.,574,271,177
408,It six.,2013,90.67,2.2,Degree indicate culture scientist financial.,538,150,972
409,Money could little.,2021,176.05,1.6,Worker we here consumer care.,906,807,591
410,Seem three available.,2003,113.01,1.1,Necessary decision card nothing tend city.,194,764,428
411,International sport.,2000,146.09,3.3,Expect partner race pattern data.,769,591,147
412,Soon interesting.,2019,151.37,3.5,Notice stage finally table large site business.,848,557,457
413,Meeting again easy.,2002,166.34,1.9,Nearly kid member name billion east care.,129,364,726
414,Once tax.,1991,139.22,3.5,Scientist sure marriage far individual message.,312,562,677
415,Speak across.,1994,121.64,1.4,However personal win onto senior.,568,669,908
416,Score this significant.,1997,156.15,1.6,Commercial mean do movement remain write.,268,703,833
417,Garden certainly arm.,2023,179.37,3.8,Teacher reflect defense however mind.,553,55,431
418,Lot test gas.,1980,176.65,1.3,Simple movie pressure card pattern life kind.,216,304,93
419,Cost example.,1983,155.83,2.6,Understand process ago read once.,870,353,471
420,Ground avoid strategy.,2007,110.24,1.5,Carry seat which.,679,17,455
421,Until expect key.,2005,155.03,1.3,Of protect reach most picture south thus.,352,995,570
422,Over sit.,1986,82.37,1.8,Themselves age enter.,128,129,738
423,Mr.,2018,83.27,3.1,Loss TV know.,565,765,169
424,Same with agree.,2001,172.94,4.6,Wait so some half purpose special which.,426,347,369
425,Experience billion.,1983,128.86,4.7,Small also international something visit.,946,896,187
426,Education forward.,1985,98.53,3.6,And political still health end cup.,964,474,120
427,Trip throughout.,1998,116.28,3.2,Beyond simple nothing start last produce.,807,832,275
428,Fall if easy.,1982,145.31,1.3,List time police system produce.,383,69,367
429,Though defense moment.,2005,135.06,2.5,Three late let out.,793,144,34
430,City find note.,2003,94.56,1.7,Sea bad various what night inside discover.,622,139,919
431,Yourself almost.,1995,114.83,3.4,Respond reason interesting statement scientist should employee guy.,811,640,569
432,Detail provide.,1989,165.79,3.0,Consumer movie father off everything decision sound.,143,757,357
433,Decide like.,1995,150.91,1.7,Build beautiful learn though second cold always.,634,703,88
434,Discover.,2022,151.7,2.2,Figure office human who animal give.,814,228,284
435,Southern lawyer.,2023,176.76,3.3,Nor data information throughout participant.,708,725,400
436,Physical happy financial.,2004,136.21,3.2,Focus interesting garden cost large edge.,962,374,218
437,Minute run team see.,2000,105.55,1.9,Chair team bag yard.,318,379,728
438,Age particularly attack.,2015,171.07,3.4,Three size college probably other our push.,743,70,381
439,Here fire.,2009,108.46,3.5,Allow bank relate back same majority door.,548,450,656
440,Make prevent every.,1997,179.82,1.1,Shake player something animal small whom because.,289,763,944
441,Ago staff.,2019,170.62,1.7,Avoid cell maintain including one analysis thought.,996,136,79
442,Still simply.,1985,119.55,1.8,Anything model remain many expert might of list.,394,793,95
443,Sea Republican.,1987,125.62,2.9,Cold quite hold high long.,367,847,154
444,Minute wide mean.,2004,177.01,3.9,Performance participant successful former.,960,164,129
445,Nature quite work.,2022,123.72,4.5,Smile thing next Democrat.,542,685,554
446,Sense sometimes.,1981,114.26,3.8,Against mean most leader.,422,964,371
447,Reach stuff measure.,2005,157.81,2.7,Start behavior subject cold.,647,916,318
448,Me rich response stage.,2018,106.46,3.8,Face popular whole beautiful itself.,832,934,91
449,Coach step.,1990,118.35,3.6,Significant save rate thought.,740,402,71
450,About management loss.,1980,82.54,3.7,Beat win break west participant economy might.,606,675,250
451,Among operation seven.,1988,132.86,2.5,Now market forget them year cell.,897,804,827
452,Chance open most.,1992,158.21,3.3,Push bar lawyer wear eat campaign.,705,795,286
453,Anyone.,1988,129.54,4.4,Wide sit physical any smile address in year.,4,201,985
454,Always rich.,1987,137.3,4.5,Director society rise build ok.,550,197,649
455,Present these team professor.,1992,175.88,1.3,Image everybody through professor finally student.,61,401,805
456,Court particular.,2001,88.17,3.3,Peace knowledge two answer whom majority player real.,850,936,67
457,Father check.,2016,144.32,2.3,Address beyond you while position glass.,999,303,323
458,Read.,1984,86.46,4.3,Give Mrs myself ten.,688,966,978
459,Myself data name.,1983,106.69,3.4,Thank cover use yes edge.,566,181,619
460,Can.,1994,134.34,4.4,Usually among candidate.,984,27,191
461,Specific yourself life.,1993,127.83,1.5,Us president themselves discover store others.,293,600,51
462,Majority clearly even.,2003,142.07,4.2,Decade activity husband government child radio.,100,798,368
463,Group somebody.,1986,131.38,2.6,Seem stand for serious because.,807,452,647
464,Under move age.,1990,135.22,2.1,Rather audience two thing.,258,544,456
465,Talk himself friend.,1994,146.31,3.7,Your result heavy push.,308,166,535
466,Field message.,2006,93.28,4.1,Southern laugh beat meeting just.,493,570,477
467,Subject mouth.,1996,162.07,2.0,Anyone kind watch once picture.,474,411,692
468,Own water southern former.,1981,144.36,1.3,Product those treatment lawyer accept.,868,210,307
469,Similar lead.,1981,154.7,4.2,Better still school sort.,228,645,53
470,Add follow.,1995,115.08,1.9,Charge understand by with heavy something throughout.,441,842,824
471,Fire site include leg.,2016,121.21,4.2,Idea fine page position watch nation.,127,194,581
472,Benefit model.,2012,147.58,2.8,Kind similar provide most.,367,423,801
473,Source red set.,1994,179.56,4.6,Individual level prevent west.,575,875,109
474,Pick edge seem.,2019,174.47,4.2,Rather ask suggest spring tax.,567,517,990
475,Country bag form.,2013,112.82,1.3,Civil sell last want local.,355,233,754
476,Wonder.,2005,84.74,1.4,Blood respond degree actually music design hard.,629,170,956
477,Listen avoid friend.,1984,126.29,4.6,Another future article situation.,347,815,881
478,Go husband heart.,2003,160.18,4.4,The out successful change bit memory heart.,823,541,719
479,Short last.,2010,92.6,4.6,General address experience Congress store art magazine five.,138,903,329
480,Positive story bit.,1995,152.42,1.3,Finish art show difference total live field.,179,466,216
481,Herself.,2015,124.3,4.6,Suddenly consumer contain account assume development.,199,302,123
482,Industry life benefit.,2011,155.57,2.8,Dark chair raise newspaper go enjoy account book.,103,426,631
483,Certainly among away.,1992,140.32,1.2,Message report name clearly.,82,893,48
484,Other possible crime.,2003,178.55,3.8,Player national food Congress.,616,404,951
485,System.,1983,170.71,2.3,Fill south window three film another safe.,19,641,950
486,At other every.,1987,169.94,2.7,Still must real two.,601,924,408
487,Case might professional.,2012,163.86,4.4,Both which anyone particular fly section table.,955,449,517
488,Local join.,1995,126.22,2.5,Age pull condition walk could likely hot.,642,549,818
489,Material successful.,1986,93.23,4.0,President fund participant.,127,502,689
490,Skin poor develop.,1989,92.27,2.7,Attention hot happen factor.,779,92,604
491,Several eat wrong.,2010,157.71,3.2,Attack yes around tend serious guy enter pattern.,940,226,360
492,Then food room.,1991,178.99,1.3,Until long husband man.,746,224,266
493,Discover memory.,1984,179.53,2.7,Ball together treat project fly movie community provide.,668,798,297
494,Once.,2020,175.66,3.3,Color star wish lawyer.,140,812,461
495,Claim simply above.,1998,159.99,4.8,Oil new never grow tonight.,149,782,988
496,Case.,1992,84.81,3.5,Thus follow give thank eye green.,826,756,130
497,From strong which.,2010,90.39,3.0,Probably main chance speak.,233,149,556
498,Peace structure defense.,1991,90.83,4.5,Hard seat region stage wonder.,868,638,86
499,Professor reduce yard.,2021,99.48,2.3,Begin Democrat become I.,114,641,431
500,Safe bad.,1983,148.53,2.7,Health cause student research.,927,644,887
501,Exist administration.,1989,118.7,2.6,Position four drug garden.,169,420,552
502,Especially although his.,1980,91.16,1.4,Sing science everyone why.,646,951,315
503,Treatment thing.,2020,170.92,1.4,Article happy anything.,437,48,850
504,I computer.,2012,111.85,3.4,Recognize natural light discussion education heavy.,765,242,971
505,Perform save.,1981,160.76,1.3,Sea firm although service teach result production pull.,120,739,605
506,Result.,2007,120.02,4.4,Hundred myself list friend minute.,879,225,483
507,Run enter.,1984,149.67,3.4,Finally natural me management.,642,814,591
508,Buy add.,2002,154.28,5.0,Move main agree plant claim.,269,998,161
509,Plan.,2021,179.74,4.1,Simple senior thank number structure.,996,381,60
510,Interview stage write.,1983,170.73,2.4,Student bit top identify produce technology around.,923,340,271
511,Factor form.,2011,152.52,1.0,Early meeting early here write down.,513,922,522
512,Around now.,2018,173.84,1.9,Worry difficult provide science peace.,775,507,811
513,Improve others future.,2003,152.79,1.1,Expert in take particularly safe above.,925,348,580
514,Black country compare.,1994,107.44,4.3,The suddenly in good.,52,723,65
515,Tonight space.,1988,141.68,4.1,Likely almost give edge level risk executive.,554,778,42
516,Society fight grow.,1981,96.58,2.8,Within cell hair food hotel.,720,543,993
517,Run on food.,2020,150.42,3.3,Item apply less same here.,149,506,578
518,Line growth item sure.,2022,163.85,2.6,We open film sell thought behind expert.,729,441,514
519,White large animal.,2022,179.05,1.2,High oil agreement student foot may admit.,865,803,236
520,Sure space side audience.,2002,96.96,2.6,Other particularly son far during push.,936,881,199
521,Everything account wall.,2001,168.82,3.8,Tell expert hour page.,533,726,927
522,Road college direction.,2009,118.61,3.3,Hard child partner travel throw measure.,467,831,5
523,Term still.,2021,133.29,3.5,North feeling whatever play past.,680,195,930
524,Author everything.,1994,157.89,4.9,Poor stay including down despite.,348,163,595
525,Plant true.,2002,124.55,2.0,Address lose culture year smile.,951,786,348
526,Option rich you.,2015,173.99,2.4,But what watch claim project such employee energy.,855,879,403
527,Reality receive.,2003,166.73,2.7,Last election card last benefit leg couple.,776,946,259
528,Better fight low.,2022,96.61,2.6,Already may man seek.,328,309,416
529,Scene only modern.,1991,128.29,3.0,Also source age watch.,342,342,719
530,Grow success fish.,2001,135.23,3.9,Station because get also only.,859,928,587
531,Through close.,1982,128.09,3.3,Cultural international player lose lead.,816,391,684
532,Free strategy.,1986,174.37,3.8,Anyone continue laugh wrong.,219,547,515
533,Miss off perform.,2024,123.64,5.0,Radio bag knowledge hospital skill.,530,85,202
534,Structure agree.,1992,167.43,3.3,Weight business red ago later dark expect.,714,386,754
535,Approach wind.,1984,128.03,1.5,Kind effort entire condition.,988,53,665
536,Let mention begin.,1992,132.3,1.6,Sort office even from down big will.,187,199,424
537,Put.,1999,97.62,3.9,Campaign somebody real less degree.,760,965,606
538,Step.,1983,109.36,1.3,While include kind manage.,714,877,282
539,Congress who program.,2019,166.63,4.7,Audience she left network federal administration live.,672,957,653
540,Much where PM.,2024,103.95,4.2,Discuss name and.,980,557,545
541,Great writer leader.,1998,111.03,4.1,Against effect argue wife.,537,369,70
542,Crime professional.,1985,155.8,3.6,Position perform the hope fact environmental save loss.,652,184,554
543,Race suffer field.,2002,81.54,3.9,Community poor on stage without then clear.,785,459,484
544,Talk ask.,1989,142.75,3.3,Admit wall born someone market support where.,287,202,352
545,Drug record difficult.,2006,101.66,4.5,Nice we candidate risk I.,482,853,995
546,Particularly pick team.,2012,85.03,3.2,Life one expert see film ago hard prevent.,353,460,817
547,Nice table short.,1991,132.16,1.8,Forward like simple lawyer evidence cold great when.,529,222,231
548,Blue our suddenly.,1980,138.88,2.7,Financial hospital town.,471,556,143
549,Approach full.,1983,174.06,1.5,Behavior prepare message describe most.,322,838,446
550,Film song.,1998,142.58,2.7,Cut gun customer main bag.,605,366,372
551,Throughout.,2017,143.6,2.5,Maintain military surface than work.,940,671,416
552,Knowledge rich subject stand.,1986,139.55,1.0,Although join interview sell policy.,585,324,271
553,Necessary of student.,1991,134.42,2.5,Director sound final affect fire.,858,858,895
554,Benefit friend.,1981,139.55,2.2,Surface along buy past law president.,196,50,969
555,Home others more.,1983,128.05,1.9,Place notice base lot network condition.,112,651,918
556,Indicate concern perhaps.,2023,120.39,2.6,Clear language agent rate husband throughout suggest.,179,49,419
557,Push build wonder professional.,2012,82.18,4.0,Contain least name yeah board school outside.,398,191,159
558,Else forget sit himself.,2013,179.04,3.7,Boy three gun character.,309,387,5
559,Authority green present.,2018,146.77,2.1,Plant rise art career eye family once reach.,239,864,949
560,Charge what view.,2019,151.88,3.4,Name good research difficult.,661,839,709
561,Above movie care.,1983,96.19,1.6,House fund history boy father.,642,282,273
562,Factor after them.,2014,81.17,1.4,Customer best stuff success carry.,146,657,733
563,Establish include establish.,1991,145.55,1.1,Safe base decade stand.,850,527,214
564,Run even back PM.,1995,100.17,1.3,Box although security long student.,642,891,84
565,Middle rich start.,1995,149.67,1.1,Mother themselves ever together form arrive.,90,921,365
566,Beyond.,1983,133.7,2.0,Let fine bank keep.,576,568,83
567,Majority book sure.,1991,99.85,2.1,Yard many star may arrive.,12,362,77
568,Maybe attention.,2012,119.14,3.6,Player food scientist floor.,982,595,178
569,Kind bill conference.,2017,175.64,2.9,Image these color writer race course.,469,251,650
570,Owner head play.,1993,129.64,1.4,Suggest research present create.,883,771,824
571,Cultural word character.,1986,162.12,4.2,Plan health allow nature.,636,658,897
572,Goal by method.,2022,172.0,4.6,Born reality rock population value adult.,555,399,974
573,Power use ball.,1988,167.89,3.5,Interest whole education training majority help break.,714,362,531
574,Care design.,2007,139.04,2.2,Rate painting degree front.,660,92,381
575,World.,1995,102.59,1.1,Thus court affect yard look brother.,523,307,608
576,Within something.,2024,157.86,4.8,Especially bank play majority head.,854,328,185
577,List paper bank medical.,1985,81.2,2.9,Common old seat law brother learn indeed.,759,508,572
578,Answer several.,2000,106.29,3.7,Line yourself teacher long sound enjoy name.,747,843,924
579,Form capital daughter drug.,1994,146.65,2.7,Statement city value onto.,782,406,341
580,Approach better trouble.,2001,91.7,3.5,Guess program wrong finish.,341,347,205
581,Safe piece.,1986,177.21,2.7,Because guess environment.,784,292,117
582,News page.,1996,101.62,3.7,Fill why measure study change authority technology.,929,384,113
583,Candidate realize growth.,1981,125.86,4.9,Today hit big heavy security.,817,901,732
584,Fall impact over herself.,1988,130.39,2.7,Technology make personal rule adult in respond.,344,893,473
585,Can resource nothing.,2004,103.13,3.3,It able century team.,796,785,518
586,Third very issue.,2010,140.41,2.2,Role whether system never between bad reality record.,398,551,872
587,House ten.,1988,108.73,4.4,Help say law want teacher church.,993,232,192
588,Bill carry.,1982,121.37,3.5,Agree soldier professional.,134,895,968
589,Until happen.,2017,169.63,1.8,Two drop response picture son society put.,358,529,631
590,Light room management.,1990,107.49,2.4,Both from low note audience.,926,443,27
591,Control expert low.,2017,146.58,1.8,Different record find discuss any walk yourself.,501,466,135
592,Ground offer son.,2015,134.63,2.9,Happy dream church parent.,917,276,290
593,Important throw know.,1997,89.54,1.9,Nation forget within relate debate clear say.,995,56,903
594,Piece recognize economic.,2018,100.19,3.9,Development happy thus significant.,797,945,437
595,North use similar.,2001,165.55,3.1,Time occur account.,595,686,241
596,Whether here.,2014,152.66,2.7,Buy above leave draw article.,519,130,883
597,Product close hot.,2009,102.42,1.5,Level general practice soon matter world recognize fight.,661,784,628
598,Lead only.,1997,150.76,1.9,West why general determine country.,572,155,454
599,Whatever can fine.,2017,142.97,4.2,Win scientist while mouth research speech station.,561,526,61
600,Senior trade better.,1986,115.69,3.1,Class ability whole mind poor start.,134,515,749
601,Three drop already.,2003,124.53,4.4,Gas store short treatment six wonder.,934,540,299
602,Worry.,1992,80.4,4.6,House table network human test certainly.,992,196,366
603,Benefit certain stay.,1988,163.56,2.0,Year anyone point page.,952,105,576
604,Campaign report.,2017,90.02,3.9,Page start feeling.,793,61,241
605,Music challenge away.,2010,123.47,5.0,Quickly more PM.,843,235,338
606,Agent enter begin.,1993,85.69,2.4,Successful two answer few them.,654,41,962
607,Minute next like system.,2003,107.65,3.9,Manage indicate blue deep I.,446,562,114
608,While detail grow recently.,2018,148.7,4.3,When play fly sometimes discussion order box.,955,11,876
609,The industry.,2014,171.68,2.1,Sort social drop.,141,574,212
610,Pick national difference.,2003,144.11,3.0,Tree item already law plan test.,969,162,532
611,Special term.,2019,165.58,2.3,Young design man bad just many expert.,525,19,148
612,Town pull despite.,1998,96.91,4.4,Tough affect floor sport start third window.,264,420,779
613,Meeting relationship.,2003,171.87,3.1,Each sing boy value.,693,988,23
614,Office common scene.,1985,150.43,3.7,Soon year artist crime item local.,929,894,815
615,Best bad.,2013,152.47,1.9,Employee choice sign point long history effect fight.,554,468,249
616,Stay rise.,2008,115.67,2.5,Show behavior indeed again marriage.,206,747,309
617,Why bring series company.,2017,146.64,1.5,A information provide nature dinner without central.,24,450,811
618,Us others.,1991,138.23,3.9,Others speak among challenge.,997,48,395
619,Security near mission some.,2011,159.15,3.5,Success drug popular there national drop.,681,878,1
620,Bar involve so.,1996,164.93,2.3,Gun despite build kid small technology.,672,888,362
621,He course.,2014,115.79,1.5,True thing reduce with.,439,282,952
622,Record my.,2020,152.4,1.3,Commercial large nothing decision street east.,113,537,356
623,Figure him resource.,2018,121.04,2.4,Go country within man international simple.,436,25,75
624,Effort worry.,1992,109.57,2.5,Shake more walk party somebody read probably.,787,73,8
625,Research appear thank region.,1980,82.04,1.3,End avoid source yeah response.,246,530,791
626,Painting.,2021,88.78,2.9,Against hand close energy dream.,318,212,94
627,Close history meeting.,2021,102.59,2.1,Card continue collection.,797,807,694
628,Need company bank.,1980,173.97,4.9,Power trouble same why go themselves yes.,904,468,544
629,Machine mouth.,1994,96.65,4.3,Lawyer station concern member.,209,706,195
630,Sit why effect.,2012,157.37,2.3,All would entire pressure north its fact.,436,722,715
631,Discuss result risk amount.,1994,167.42,2.3,Employee organization large I ground.,427,923,629
632,Really century high.,2005,172.4,1.1,Wind choice brother nor family policy will.,316,200,404
633,Full lot mean.,1982,110.24,2.1,But page hard what look them perhaps.,403,265,446
634,Quite message.,1990,149.25,3.1,Different memory job.,9,305,319
635,Plan camera decade thank.,2001,112.9,1.1,Example miss wall field newspaper bring.,110,223,308
636,Fund town.,1984,151.45,3.5,Both appear data relate walk traditional baby.,877,616,296
637,Store season voice.,1998,122.23,1.1,Card test impact.,341,147,352
638,Family worker.,1990,162.47,3.5,That memory region everybody.,923,928,585
639,Process.,2012,113.12,1.0,Until fund care arrive capital.,440,568,122
640,Doctor win.,2015,124.34,4.7,Magazine among force raise reflect.,616,932,433
641,Dog adult take option.,1986,135.35,4.5,Fund early structure picture her president.,408,481,648
642,Measure team fill sense.,2024,107.65,4.3,Good area individual range institution water worker.,108,621,413
643,Source range.,1999,137.14,1.1,Number guess trip something have.,6,247,1000
644,Economy near need.,2014,150.94,4.1,Phone film treatment after billion.,455,18,35
645,Property ahead because.,1993,156.09,4.1,Admit there somebody skin early tree should.,775,614,904
646,Though year analysis.,1992,152.33,2.3,Against explain customer save should guy opportunity.,250,964,764
647,Voice property.,2010,84.08,3.3,Manage finally attack attention food interesting contain.,213,808,509
648,Lose fire.,2000,141.46,1.5,Believe time business large morning tough.,869,779,469
649,Many serve official.,2002,158.68,3.7,Institution allow lead toward front quality.,329,629,616
650,Appear attack.,2017,129.82,4.4,College to threat kitchen.,983,618,422
651,Must suffer minute.,1993,166.07,4.3,Technology guy painting smile threat list adult right.,755,360,44
652,Debate trial evening.,1996,112.22,1.9,Wear nearly method great series police baby.,665,261,896
653,Ask player pattern.,2021,91.55,4.0,Since trade national himself during carry.,559,752,924
654,Century hold interesting.,1988,104.16,1.1,South during explain this may.,915,2,723
655,Exactly only.,1980,179.12,1.2,Necessary clearly my alone put course tree.,575,926,701
656,Write traditional unit.,2008,123.97,2.9,Ready future whose mention.,557,691,275
657,Quickly soon.,2018,104.5,3.0,Conference smile majority much difficult.,67,104,233
658,Summer floor if.,2005,164.18,3.3,Race position against where end relate campaign.,663,688,354
659,Speak most.,1992,121.95,3.2,Happy blue appear start democratic special fish.,516,368,279
660,Brother study.,1983,141.71,2.7,Hair education style society upon sell charge agency.,115,67,93
661,Never sing individual.,2010,158.35,3.5,Push little arm risk memory teacher account how.,826,121,195
662,Medical person rich.,1987,155.53,3.8,Down push usually parent director wait may structure.,393,474,453
663,Kind computer behavior.,2015,175.56,1.9,Partner when beat senior help apply.,273,61,918
664,Approach media its leg.,2012,173.99,3.0,With far white for part accept idea.,225,315,246
665,Citizen behind.,1987,116.7,1.5,General teach carry no recent finish military.,711,490,159
666,Positive fast.,2005,150.88,3.2,Capital yeah student economic.,976,165,788
667,Religious smile history.,2010,114.75,5.0,Event economy myself writer somebody relate.,667,283,248
668,Benefit others woman.,2016,165.52,3.1,Expect level cold total continue.,577,720,597
669,Answer former.,1990,94.11,3.5,One change air.,113,866,747
670,Focus bad girl.,2009,137.96,1.1,New what Democrat work run upon because.,87,396,348
671,Draw realize art.,1993,121.84,3.7,Card itself subject especially weight last get.,18,43,141
672,Box wear level.,1988,105.79,2.6,Big price oil leave.,544,70,671
673,Movie write finish religious.,2005,140.14,1.8,Feel responsibility something pick.,795,337,429
674,Idea every.,2012,119.75,4.2,Attack area should area.,650,805,794
675,Almost defense.,2024,155.64,3.9,Economic stock mother sit section.,673,963,882
676,Wonder that upon.,1980,91.61,2.7,Help those reality spring.,141,527,174
677,Democrat life.,2014,124.62,1.0,Kind southern reduce help.,45,470,915
678,Event wide shake.,2016,179.9,3.0,Require everything laugh spend score north care.,205,687,702
679,Hospital support employee notice.,2003,171.11,3.7,Moment always its.,158,931,250
680,Where society.,1991,103.42,2.8,To beyond former toward term.,182,585,938
681,Page do try.,1981,137.98,1.8,Father nothing together whole call card.,140,940,577
682,Strategy south.,2021,167.72,4.3,Fund care pay activity also sea.,14,132,228
683,See job.,2021,117.06,4.9,Last economic different board leg walk.,874,915,28
684,East.,1993,89.12,4.8,Month hot similar none.,59,342,726
685,Debate space.,2003,108.53,3.6,Fly military much expect nor.,98,408,353
686,Main seat population economic.,1996,162.07,3.0,Political example common artist attorney speak.,157,806,98
687,Impact room.,2018,167.47,2.4,Before provide material growth.,409,628,592
688,Rule likely.,2021,94.24,2.9,Resource community quickly enter.,798,108,182
689,White find sit.,2005,156.88,2.4,Tend offer Mrs before start glass.,185,827,463
690,Bill.,1986,163.81,4.5,Where wonder walk clear better.,809,458,842
691,Best recently.,1997,171.66,2.2,Make sea should west door skin data leg.,464,910,937
692,Later particularly.,1994,104.1,2.8,Attorney ask happen.,929,922,4
693,Candidate trial.,1997,146.61,1.5,Picture together such alone talk film rich dog.,909,713,333
694,Whole natural now.,1983,86.72,3.3,Perform rule add these federal share.,840,275,196
695,Would cover race.,1985,138.0,3.0,Suggest doctor tough room oil Republican cold.,767,830,871
696,Structure college.,1994,150.57,3.1,Space bar accept think.,693,329,367
697,Pressure reason manager.,2004,106.87,4.5,Week source important buy keep general.,893,503,22
698,Budget expect.,1999,123.95,1.2,Painting often close country.,497,461,82
699,Sort today.,1997,168.37,2.0,Measure assume face their war cause church.,657,16,18
700,Public heart present.,1996,115.65,3.1,Close style ready our.,420,984,22
701,People region all.,2022,151.18,3.2,Cost ahead four approach audience.,304,236,919
702,Goal believe.,2001,154.82,3.5,Author chance land second rather box number.,549,461,313
703,Minute which.,1992,127.39,3.6,Garden ago since history.,623,218,662
704,Back sing.,1988,174.08,4.4,Offer already company.,919,186,939
705,Serve like.,2006,162.49,4.9,Actually wall apply recent ability society soon every.,163,623,183
706,Record own.,2021,160.96,4.2,It spend either dream cultural.,706,483,378
707,Evidence.,2016,169.72,1.7,With nothing consider child leg people.,520,887,829
708,Than smile.,2019,135.46,3.5,Outside who subject owner.,783,762,646
709,Beautiful her.,1984,93.72,3.8,Prevent dog range focus note.,835,245,76
710,Probably five.,2022,125.95,1.6,Federal around political result read follow for adult.,281,391,189
711,Mrs western strategy.,2020,89.35,1.8,Type yourself sometimes partner ask building.,430,166,555
712,Fight maybe.,2010,149.46,2.6,Down perhaps report why smile.,687,561,182
713,Option scene.,2003,117.44,3.2,Answer try happy nor various.,923,355,87
714,Clearly field sometimes.,2018,128.95,3.4,Home sport fact rise close mouth dog fact.,516,956,4
715,Animal one.,2010,97.01,4.1,Wind nice something administration likely Mrs.,15,51,287
716,Cultural power.,2010,165.62,3.5,Least carry treat story sea they.,916,720,962
717,Control paper.,2003,96.97,3.4,Common sea thought compare generation score candidate.,727,854,202
718,Series bag send.,2018,152.3,3.6,Manager new girl.,242,9,408
719,Federal.,1988,161.01,4.8,Bring drop less smile.,586,678,350
720,How analysis.,2000,130.88,1.6,Positive strategy picture lot interview me since rest.,530,56,402
721,Training cost.,1985,151.71,2.2,Picture gas represent month exist he interest.,848,860,860
722,Him.,2004,152.38,2.0,Her government bed visit mean play style.,921,344,86
723,Source under.,1996,166.41,1.2,Threat require material soldier war.,385,244,233
724,Manager water.,2024,148.41,1.0,Probably charge total Republican sign must whatever skin.,493,836,746
725,Arrive new development.,1990,131.41,3.4,Structure world born.,923,851,471
726,Minute skin.,1997,120.75,3.9,Story than industry city tonight thing clearly miss.,467,120,34
727,Middle laugh story.,2022,127.26,4.7,Soldier single piece recognize yeah teach him.,237,282,501
728,Consumer eye much.,2010,124.64,3.5,Network establish light second pretty positive peace.,68,997,232
729,Improve positive memory.,2018,151.76,4.1,Last suggest about material prevent soon son.,479,214,989
730,Area responsibility green.,1985,101.66,3.5,Cultural direction structure.,513,11,57
731,Cover.,2021,83.22,2.0,Full adult into whether.,684,567,169
732,Guy which.,1988,101.5,1.9,Which evidence television tax.,413,26,26
733,By six without.,2024,98.22,4.4,Do main cover son ever middle beautiful act.,841,201,178
734,Wall large score.,2023,130.3,3.1,Very agent perform market.,518,375,83
735,You reach.,2020,118.0,1.4,Measure strategy majority usually couple.,216,389,286
736,Matter throw service realize.,2020,124.48,3.8,Sense but matter news respond natural.,588,627,693
737,Again television.,1999,163.3,3.7,Yourself should concern new employee very ago expert.,524,958,165
738,Bag parent.,1998,139.05,1.8,Election spring without strategy short.,686,498,134
739,Since impact.,1993,119.72,2.1,Ago race investment contain significant physical democratic.,892,470,135
740,Even actually American per.,2017,102.0,4.5,At visit research ready.,420,645,764
741,Board race.,1983,89.12,3.7,Position including reveal state bar across involve quality.,14,911,778
742,Economic act political.,2005,177.25,4.3,Wish who head just experience central.,871,166,887
743,Develop.,2014,118.3,4.4,Such say fine environmental.,259,999,293
744,Road.,2001,131.81,5.0,Suddenly budget rest dinner reflect kid reality.,669,670,536
745,Eight keep.,1997,121.66,2.2,Break street call society performance serve upon majority.,823,600,47
746,Away meeting affect.,2010,177.22,1.1,Step present amount general animal she style identify.,352,305,303
747,Be.,1989,86.44,2.3,Too sure heavy throughout opportunity.,286,979,130
748,Long off leg.,2017,92.91,3.2,Rather get throw skin road hour outside.,295,665,262
749,Gun knowledge.,2003,90.85,2.7,Main street suffer attack.,835,335,435
750,Matter range.,1985,86.22,3.5,Teach such indeed.,715,666,548
751,Building.,1997,121.3,3.8,Alone Mr culture eight happy which television market.,464,914,865
752,Resource collection.,2012,149.66,4.9,Believe again resource rule.,404,197,741
753,Mind plant nor.,1990,99.42,3.6,Black star firm effort cost wish.,693,535,525
754,Allow why nice.,1984,98.44,4.1,Tax trouble song floor turn fill fly.,739,269,578
755,Manager collection product.,1988,107.8,2.0,Foot attack feel international.,300,937,179
756,Cut rich statement must.,2004,148.06,3.0,Coach street worker play itself.,452,873,869
757,Break American own state.,1991,139.39,1.1,Include wall man act prevent arm know.,973,56,864
758,Trip.,2007,137.37,3.6,Blue into ground relationship we reduce national.,664,630,368
759,Ever old.,1984,151.47,1.8,Social large article food.,947,768,750
760,Official staff.,2017,113.47,1.1,Actually decide economy.,156,482,649
761,Sister rest.,1984,121.65,3.7,Mother true fine argue war rest.,231,78,238
762,Nearly large.,2002,96.65,1.7,Concern clearly him team discussion receive.,675,812,870
763,Music traditional.,1985,143.67,1.7,Improve plant minute control.,305,447,473
764,Religious significant.,2000,130.17,3.8,Issue administration growth employee.,344,250,459
765,Court hot just.,1987,88.61,3.3,Along final leader unit mother along.,612,352,389
766,Someone then.,1987,133.61,4.7,Response end computer too foreign case.,703,170,411
767,Prepare government.,1982,132.52,2.3,Rate those ground others traditional.,687,243,864
768,Cut local.,2009,153.4,3.7,Today local later become tree.,158,149,432
769,Because common focus pull.,2019,105.26,3.6,Best do trial present.,606,494,828
770,Want kid chair sport.,2017,124.76,2.5,Whatever southern enough.,944,352,972
771,There growth reality.,2023,161.54,2.0,Air ready couple mean cause either state.,903,872,945
772,Eat west.,1998,90.61,2.1,Start act consumer condition continue term.,654,437,738
773,Represent out.,2017,168.86,3.1,Course indeed hair team.,131,471,279
774,Participant walk.,1989,96.03,4.6,Rest much peace even then.,265,570,977
775,Budget especially speech some.,2006,173.14,2.8,Effort spring weight what artist consumer low.,100,407,206
776,Capital radio.,2018,179.48,2.1,Far protect size hear heavy.,179,140,284
777,Positive discussion finish.,2020,100.72,4.8,Only generation single choice never listen.,933,287,854
778,Produce share where.,2013,159.32,4.6,Firm anyone out cell occur simple.,391,821,3
779,Page school man.,1998,95.64,4.3,Speech arm however whether support.,299,972,411
780,Similar place.,1981,155.62,1.8,Image near Mrs along purpose thought those.,72,82,511
781,Your parent election.,1984,120.09,3.8,Improve affect heart practice.,711,584,575
782,People plant under.,1986,127.42,4.5,Result past south couple.,742,934,659
783,Arm team compare.,2007,119.79,3.7,She human onto thousand staff.,639,669,79
784,Administration word material.,2022,108.75,3.1,World bill long trade.,172,788,672
785,Rate receive.,1993,142.42,2.4,Special environment address guess operation.,484,489,341
786,Three operation enter.,1990,151.7,4.4,There sound establish little.,841,761,416
787,Across right.,2000,148.34,3.4,Red purpose project population scene.,58,200,98
788,Free everybody.,2017,171.61,2.9,Add back region ground.,546,377,356
789,Apply follow.,1985,162.92,1.2,Environmental space stop.,935,323,955
790,Mission want may.,1981,85.49,1.3,Memory one middle learn family.,186,289,108
791,Despite take deal.,2007,86.13,2.1,Lay claim oil most start carry office.,585,562,504
792,Contain effect.,2016,94.78,2.9,Customer training laugh either measure that eye painting.,524,465,366
793,Final know thank.,2015,136.29,1.1,Next note similar describe mouth miss.,578,885,3
794,College level reach.,1994,101.95,2.1,Address maybe professor state structure others.,901,608,744
795,Man long set.,1993,167.7,3.0,Four indicate go soldier interview particular opportunity.,70,790,866
796,Else score.,2017,127.52,1.3,Million west change easy scientist method.,606,367,217
797,Scene walk usually.,2015,123.6,4.2,Follow explain box draw customer number.,244,852,655
798,Just they.,1983,101.53,4.6,Mean about design ground option edge.,886,685,106
799,Wall total.,2020,155.33,4.4,Actually nice lay material usually laugh activity improve.,106,742,981
800,Serve operation.,2017,105.85,2.2,Sit maintain skin two other inside goal indicate.,308,80,518
801,Nearly real.,2023,134.12,4.4,Course laugh security see some produce.,884,776,451
802,Stay tell.,2009,84.01,3.0,Author appear friend.,352,467,285
803,Test entire.,1986,155.68,4.8,Girl factor indicate nothing.,820,153,158
804,Face consumer yes.,1989,92.96,1.3,Better she impact serve tend teach.,181,80,172
805,Study matter.,2003,113.53,2.8,Pressure account same party.,848,272,277
806,Seven often firm.,1983,167.44,1.4,Fill within performance.,489,322,635
807,Fact stay.,1984,109.77,1.5,Up miss reveal role play stand sell.,411,667,974
808,Why production ahead.,2012,102.58,4.3,Job dog performance.,145,985,624
809,Talk she environmental.,1988,150.27,1.8,Reach senior view stage shoulder.,246,561,46
810,In could.,2009,117.05,3.9,Century military light.,900,68,131
811,Thought.,2013,116.78,3.6,Tell water seek fund fall reflect.,107,92,624
812,Argue stay.,2020,141.0,3.5,Finally and game image art group.,353,583,442
813,Modern major.,2012,161.04,1.5,Generation significant how check appear.,591,850,288
814,Little its.,1996,95.75,4.1,Must analysis face writer state.,381,866,504
815,Without tend.,2017,80.29,4.7,Grow they relationship.,485,854,914
816,Central must.,2004,155.8,2.0,Push game usually between summer month.,674,13,432
817,Large hospital whatever.,2007,119.67,1.3,Arrive husband partner want.,87,725,646
818,Executive hit.,2008,168.32,2.4,Between no as production question blue success.,840,774,230
819,Difference reduce factor.,2024,82.64,4.4,Bed change remain drug friend another detail.,747,549,812
820,Way provide risk.,1997,110.36,3.2,Family a our analysis each marriage.,290,837,88
821,Possible plant.,1994,126.6,4.9,Guy event player upon.,920,449,31
822,Make.,2001,164.07,2.0,Why high fill become.,407,462,810
823,Move interest past.,2021,150.35,3.7,Popular evening decade environmental everything customer others.,870,308,596
824,Find position.,2010,142.32,2.7,Account final matter keep community north.,352,859,282
825,Forget late girl poor.,1991,164.85,2.9,Suddenly culture however professor.,984,13,154
826,Any simply.,2020,173.82,4.2,Democratic plan here owner almost lose agreement hand.,955,295,479
827,Shake easy receive.,1986,165.0,4.1,Might interesting guy direction.,180,917,555
828,Simple consider civil.,1990,172.48,1.4,Hear picture task professor water act popular.,467,993,952
829,Pick apply in.,2015,166.94,3.4,Exactly age apply land during.,789,272,553
830,Building of there.,2015,135.12,4.8,Nice the race operation use.,730,896,599
831,Together boy author.,2021,165.69,1.5,True term image heavy force.,259,253,240
832,Major official low security.,2015,134.79,1.7,Difference five whether.,830,121,876
833,Understand.,1999,115.78,2.0,Ready either study hotel fear financial.,914,262,256
834,Deal federal western.,2010,128.17,4.3,Public ever southern claim.,25,80,488
835,Push really that.,1999,81.87,4.4,Individual administration rise customer exist leader inside.,794,83,915
836,Positive field see.,2022,108.15,3.2,Onto military go.,312,212,19
837,Or.,2016,106.98,3.1,Democrat strategy determine city.,344,435,805
838,Evening kid next manage.,2004,142.37,2.1,Subject great win magazine food writer.,851,593,812
839,Necessary idea drop.,2013,94.5,1.1,Capital sell sea answer series.,581,435,837
840,Summer finally happen.,2008,174.83,1.5,Ask high social choose four road.,329,543,130
841,Camera.,2022,126.27,1.4,Determine institution phone federal.,242,656,623
842,Generation experience.,1984,95.63,4.8,All eat size.,115,385,310
843,Course full build.,2013,82.9,2.2,Up including tend perhaps.,862,962,379
844,Region international with industry.,1996,111.07,5.0,Treat skin easy marriage remain.,967,104,266
845,Mrs finish.,1999,175.13,2.3,Within perhaps probably now.,691,909,92
846,Grow.,1997,177.53,4.1,Everybody catch hope war.,833,635,556
847,Where possible rule.,2024,176.13,1.6,Ball tax one guess.,396,558,73
848,Fly partner daughter manage.,2010,86.53,2.7,Democratic positive final matter voice strategy often.,776,971,234
849,Cup term.,1986,165.0,4.4,Outside suggest husband create.,456,425,687
850,Still sort nearly recent.,2011,114.81,4.1,Mind now hot you always news his.,685,894,59
851,Administration side turn.,1980,163.18,2.2,Important popular story dog member also.,84,308,497
852,Responsibility fast century.,1984,125.18,3.6,Leg catch effort trade late that focus result.,633,868,772
853,College grow environmental.,2015,121.12,1.9,Performance health owner reason appear song everything.,579,148,457
854,Method guess.,1986,127.98,1.5,List anything miss we kid.,577,146,826
855,Building top.,1997,173.04,1.3,Usually home north PM suddenly.,316,165,805
856,Entire left charge.,1984,174.0,3.3,Near section opportunity.,971,115,838
857,Senior.,1985,98.95,1.3,Within concern none high leader ground security today.,303,474,512
858,Among story challenge day.,2004,162.36,3.9,Factor discussion may hit suddenly right.,29,269,165
859,Against well experience.,2006,105.43,4.6,Heavy individual blood peace.,921,641,607
860,Make expect.,1995,89.77,2.3,Interview born nature floor.,530,193,730
861,Feeling.,2009,98.39,3.4,Want simply in free risk.,294,266,853
862,Since part support.,2000,147.44,3.8,Task some child wife him environment.,614,655,871
863,Arm real.,1991,153.78,3.3,Anything else prevent early sense.,180,460,140
864,Ask authority exactly.,1996,156.36,4.0,Significant fire candidate bag.,435,84,310
865,Management actually gas.,2003,136.45,3.6,If born ahead.,137,696,143
866,Hand look.,1994,117.79,1.7,Career particularly she case loss sort support.,163,7,285
867,Care its yes.,2006,151.65,2.5,Which join people take.,983,426,730
868,Understand him forward.,1986,89.35,3.7,Protect through cost bed for unit.,574,895,937
869,Tax commercial.,1983,153.5,1.7,Suggest read financial big.,618,693,334
870,Serious stock business.,1991,110.78,4.2,Night person staff data visit voice able general.,405,16,46
871,He parent common.,1996,145.61,4.4,Change measure school police who back.,680,315,29
872,There local occur glass.,2008,110.8,4.6,Article air despite.,80,541,544
873,Next school seven.,1989,162.1,1.2,Culture particularly individual ability environment clearly.,991,859,349
874,Late management reality.,2010,119.72,3.1,Cut throw in me.,938,31,912
875,Head before open.,1982,129.13,1.3,Life identify seek his choose minute parent.,542,868,846
876,Resource other.,2009,146.21,1.8,Toward beat himself begin.,380,326,851
877,Want yourself free.,1991,98.35,3.9,Relationship this lose fact speak.,798,463,625
878,Mention degree hot.,1984,86.64,2.7,Fall natural hit factor.,682,113,371
879,Seem see Republican.,1984,132.5,3.8,Approach gun center its finally measure.,762,274,407
880,Artist hot.,2021,114.55,3.3,Staff wish value rise specific second interview.,878,100,961
881,Power trade.,2010,175.97,4.0,Would perhaps miss wide statement son cut open.,355,777,267
882,Artist stay line.,1996,160.66,1.2,Investment high man project great civil.,547,918,302
883,Add own then.,1993,99.86,4.4,How religious gun dark.,556,976,336
884,Which always.,2008,84.8,1.9,Talk fish rest everything last moment figure.,111,331,153
885,Recently art away.,2001,91.31,5.0,Themselves free inside before.,320,667,543
886,Billion religious drop.,2014,140.88,2.4,Million create cause authority claim.,916,575,492
887,Baby room cost ago.,2016,167.39,3.7,Person remain mention.,577,63,927
888,Commercial itself read.,2001,129.66,1.6,Discussion accept like lose mind imagine.,96,607,275
889,Picture view very.,1987,128.31,2.7,Policy on ago know.,967,237,920
890,Thus really girl.,1981,97.96,3.5,Season image site character.,605,975,187
891,Firm scene.,2018,141.96,1.3,Sister do concern agency life.,340,220,620
892,Race.,2006,154.1,2.5,Able final understand reveal human almost available.,80,272,311
893,Matter ability.,2022,102.97,4.6,Marriage central carry.,36,65,376
894,Window industry store.,2000,115.92,2.4,Capital must wind six discover world page public.,583,22,173
895,Present laugh.,1985,125.85,1.5,Rate network over throw prepare wonder.,248,667,908
896,Modern realize system.,1980,151.84,3.9,Husband party seat research along.,761,85,126
897,About southern support.,1992,168.36,4.0,Indeed recently claim remember out be.,608,879,945
898,Couple.,1980,93.13,4.0,Occur send staff much.,418,159,244
899,Speak upon prevent.,1988,138.23,3.0,Road interest five plan.,706,543,467
900,Would stock single.,2005,81.12,3.0,War audience institution guy during.,326,500,162
901,Wind vote air bar.,2004,99.96,4.0,Discussion resource into network.,170,561,598
902,Thus environmental accept.,1995,131.66,4.4,Ball administration work policy adult scientist almost.,692,41,546
903,Relationship challenge health.,2005,96.39,4.6,Deal fall nation control deal.,766,517,193
904,Point maintain.,1991,145.94,4.9,Name approach board few environmental next sense.,139,616,739
905,Why.,2001,91.95,1.4,Successful building six ball piece for.,183,289,590
906,Third season open fight.,1998,149.7,1.6,Eye day hit recently.,970,877,466
907,Like easy.,2003,175.41,2.9,Yard somebody yet.,18,660,533
908,Out.,1994,164.75,2.6,Animal movement surface final.,184,795,110
909,Drive until gun.,1984,168.19,2.3,Speak a on politics civil person standard.,847,92,556
910,Class song view.,1992,82.01,2.4,The over gas.,967,608,241
911,Mother international.,2000,166.22,2.0,Poor reveal ten class citizen.,422,471,763
912,Poor rich standard.,2007,124.68,2.3,Tree plan peace collection second.,438,871,530
913,Hot fly.,2007,144.67,4.9,Because reflect do window agent generation.,896,420,740
914,Contain science.,2013,129.85,2.7,Both church democratic customer piece its figure.,421,474,32
915,Information there also.,2021,175.63,1.7,Save off network military official sure.,45,246,189
916,Catch technology front.,1995,109.48,4.0,Million laugh art role interview explain.,459,122,830
917,Sister image military.,1981,135.53,4.8,Left six behavior glass why age option store.,399,247,986
918,Success low.,2005,135.9,4.3,Security join staff relate.,689,223,100
919,Skill side special.,2012,157.53,3.6,Power why continue within own.,175,214,421
920,Save Congress he.,2015,85.82,4.9,Hundred put cold civil.,849,410,298
921,Heart president.,1983,144.05,1.3,Building suffer information experience off.,940,356,734
922,Down arrive page.,2008,124.49,2.2,Respond again look debate turn agency.,421,732,775
923,Leader.,1983,177.23,3.2,Relationship structure piece stage investment.,291,62,837
924,Actually positive.,1990,105.47,3.7,Western pretty determine husband my vote art.,800,64,427
925,Should campaign crime.,1990,165.13,4.1,Especially explain surface.,51,730,184
926,But.,2003,145.47,2.0,Article sit training meet guy if show.,821,614,668
927,Which probably.,2014,89.8,3.7,Generation wide source provide maintain along look speak.,774,334,712
928,Position.,1995,136.07,2.4,To husband fine ready result.,41,412,725
929,Arm cold poor people.,2021,136.89,1.4,Finish most second matter.,45,481,311
930,Relationship spend.,2010,166.67,3.0,Magazine difficult wind woman many federal local form.,557,705,1000
931,Science rock significant.,2012,157.85,3.8,Summer personal there quality close become strong.,117,920,275
932,Thus may garden.,1992,152.56,1.2,Require choose just total popular.,658,895,774
933,Lot far.,2007,122.22,3.8,Head through radio throw.,978,476,239
934,Left.,2013,155.49,1.3,Hot support news require either number system simple.,660,497,211
935,Goal each.,2008,89.42,4.8,Weight change environmental ever deal side under try.,557,383,517
936,Might contain sign.,2018,107.7,3.1,Position center detail cost sense.,166,998,461
937,Talk stage.,2017,158.57,2.5,Describe meet note product.,202,433,28
938,Adult every.,1980,141.56,3.2,Contain end beautiful simply newspaper garden.,839,276,350
939,Close term.,2018,145.97,1.9,Far design to rate last.,855,27,275
940,Scene give.,2014,141.04,3.4,Paper trouble during ask information determine.,527,458,667
941,Follow market impact.,1981,86.36,3.3,More end hour common city bring.,602,841,811
942,Try south begin.,2017,101.68,3.4,Security herself situation beat message less.,580,564,442
943,Weight base talk stock.,1983,151.31,4.4,Like make get care story.,352,867,816
944,Daughter least professor.,1980,106.02,3.3,Suggest southern learn expect west.,803,861,500
945,To nature mean.,1988,117.42,2.3,Along relationship single perhaps sister whether.,773,189,506
946,Occur ground.,1997,113.39,4.8,Beautiful military tough author million side national.,111,405,23
947,Industry other color.,1983,124.22,3.9,Act education in.,62,654,42
948,Bag order sea.,1998,101.63,3.0,Join two not difference nation inside.,396,715,552
949,Team phone three.,2012,162.55,3.0,Range indicate occur within media decide behavior.,605,305,96
950,President.,2012,121.52,3.6,Force theory change throw fish system.,483,230,653
951,Site PM increase.,1984,143.72,5.0,Appear house car improve better animal form.,513,438,785
952,Environment movement.,1990,103.66,2.4,Ever account new star most a community.,672,388,227
953,Simply she.,1984,98.32,3.2,Them four age story food.,3,837,11
954,Few again.,2003,132.24,2.5,Window capital clear modern common cover.,915,28,649
955,Rich build.,2004,117.6,4.6,Avoid develop one employee prepare give.,555,947,661
956,Wind involve.,1985,170.41,2.0,Hard catch both avoid under family especially.,149,272,639
957,Bit.,1999,116.93,4.1,Situation test your star education that various.,925,792,882
958,Same along two.,1994,130.62,4.0,Safe player form rise positive argue place.,289,31,878
959,Seat economy.,2016,162.02,2.6,Hair scene sense.,477,114,299
960,White democratic future.,2013,119.29,4.7,Size defense very hold goal carry.,798,406,235
961,Door social.,1982,157.07,4.5,Force officer study city challenge recent.,605,365,673
962,Decide itself.,1998,154.89,3.3,Reality ability boy get break serious education.,410,375,352
963,Buy keep.,2006,140.63,2.0,Any civil foot activity peace.,235,934,340
964,Perform college.,2020,132.17,2.9,Commercial fine market history pull of.,706,904,151
965,Help.,1996,127.11,3.6,Education game before hand candidate hundred old.,355,195,186
966,Campaign street success.,2013,116.08,3.2,Answer executive member enter draw my top.,137,262,481
967,Medical person game.,1983,168.82,1.1,Cup return memory growth maybe.,85,966,444
968,Prove child.,2014,133.66,3.2,Leader term memory size.,425,684,528
969,Door forget.,2024,179.58,2.2,Message war group during term should.,700,75,889
970,Even million image.,2011,100.0,3.3,Grow section action last.,842,46,826
971,Trade.,2004,113.93,4.7,Hot police scientist early woman of where.,767,350,315
972,Boy Republican herself.,1980,142.33,4.5,Song popular for.,598,790,640
973,Generation church response.,2022,131.54,1.2,On rise air current.,688,204,549
974,Manager realize unit.,1999,93.73,3.8,Type threat nothing after.,553,348,190
975,Street civil.,1985,173.89,3.4,Kitchen offer reduce grow miss draw.,316,849,853
976,Account where.,2023,115.39,3.4,Note after service interview wish child.,141,614,687
977,North when single.,1996,135.42,3.7,Voice example newspaper boy traditional record bad.,953,254,117
978,Out.,2021,90.24,1.1,Foreign alone nice management.,126,90,784
979,Indicate.,2016,105.93,1.8,Glass police claim teach must wish.,507,546,258
980,Hundred treatment.,1983,165.13,4.4,Instead director beautiful agree.,373,933,419
981,Others model.,1992,102.11,2.1,Still star also lose year.,916,183,40
982,Teach outside institution.,1988,150.58,4.7,Low across trouble early myself note suffer.,285,537,318
983,Own main matter.,2014,106.07,4.0,Popular human surface along player could.,323,658,413
984,Sport grow.,2020,155.74,3.8,Suffer image whose even eye school after.,230,107,263
985,Hair.,1997,160.4,1.1,Employee marriage reduce rock owner knowledge fast.,876,273,982
986,Around ready service conference.,2008,179.27,2.2,World during line teacher or dark.,382,813,963
987,Increase paper through.,1983,153.22,3.0,Leader put central source for action well according.,21,905,270
988,Pull eight ask expert.,2001,178.7,5.0,Create most data safe finish performance.,992,143,52
989,Chair night believe.,2011,91.55,3.9,Method myself friend PM mother.,193,453,817
990,Discussion sense.,1998,159.55,3.9,Clear PM bed above these sing.,136,70,861
991,Morning physical environmental.,2002,93.8,4.7,Reach agreement sing various would can across man.,697,47,79
992,Must.,1999,80.28,4.8,Let question front boy.,61,578,745
993,Can budget.,2001,100.88,2.6,Create up should push often international develop week.,939,382,128
994,Series level few.,2017,130.58,1.8,Process ever hear close.,178,323,126
995,Bar Republican material expert.,2005,121.05,2.9,Man star change appear play.,521,965,919
996,Since serve available.,1990,125.77,3.6,Structure agency receive watch find.,833,111,752
997,Rather policy forget.,2018,169.77,1.7,Computer strong suddenly care expert present.,396,771,405
998,Trouble first.,1992,120.6,1.9,Evidence recent free stock who.,133,909,991
999,Current more.,2021,103.33,2.8,Nearly idea nature several issue alone.,326,274,979
1000,Us president huge.,1990,107.54,3.4,Letter baby line trade painting meeting conference.,341,534,559
