id,titulo,temporadas,episodios,rating,sinopsis,genero,director,actor
1,East company.,6,14,2.8,Make drive north.,867,879,65
2,Popular decision morning.,4,17,1.7,This defense also.,971,306,9
3,Think.,6,30,3.1,Rather begin do news sort likely college.,554,894,130
4,Power ready.,3,95,4.3,School hotel have that.,463,245,321
5,Produce space.,5,41,1.2,Hour long recognize son experience.,291,622,682
6,Bit single me.,2,66,2.0,Sea win my result involve.,642,728,142
7,He miss.,4,65,1.8,Avoid think onto like throughout picture tree.,264,21,803
8,Clear notice teacher.,2,50,1.6,Head cup word between traditional bar.,575,952,120
9,Where fall idea.,5,46,4.8,Her Mrs future.,565,491,721
10,Bring international happen.,7,51,1.8,Item marriage draw kid.,127,680,413
11,Since more fear.,7,43,1.7,Management four all agency ball house.,828,25,123
12,Issue lawyer finish doctor.,6,86,2.7,Try none ahead although including offer environmental air.,407,927,197
13,Never bring couple.,6,60,1.7,Mind cultural each later social size old.,159,389,884
14,Tree through.,8,76,4.6,From his during standard better production five.,727,627,662
15,Though risk.,1,69,2.0,Throughout class follow glass they window medical.,927,895,17
16,Attorney quickly.,3,56,3.9,Power class tax card tax stop have society.,887,377,772
17,Perform.,5,32,1.2,Strong maintain hotel heavy affect attorney child.,715,700,22
18,Network rest ever manager.,8,76,4.3,Care situation my situation necessary pull law.,347,625,608
19,Box section.,4,97,4.2,Network adult life per join.,947,820,774
20,Mouth wear draw.,10,96,3.2,Power bar skin cover.,117,364,405
21,Tv mission.,2,56,1.3,Clear fill recently positive answer.,980,425,590
22,Happen green.,10,99,2.5,More road city good character.,549,897,494
23,Best involve war.,2,21,4.0,Help significant kitchen and.,455,488,305
24,Style.,6,96,2.7,Add economic century reflect attention human water.,764,836,807
25,Resource arrive argue within.,5,71,3.0,Rule indeed close put section whatever.,944,237,879
26,Program stuff kitchen.,1,42,2.9,Cultural area simply fly magazine morning campaign.,539,644,90
27,Finally establish image.,4,48,1.7,Fire politics so heart activity animal.,741,822,610
28,Quality hair top.,3,8,2.4,Wife around station option lead beat teach bed.,453,935,83
29,Opportunity few create.,3,8,4.7,Receive pattern dark sense data.,816,396,356
30,Toward build enjoy.,7,18,2.8,Floor short themselves hand wide structure fall focus.,911,161,622
31,Law read.,9,93,2.3,Husband concern become.,549,469,845
32,Gas happy coach.,5,45,2.2,Who clear right order build skill back.,218,459,54
33,Head program.,3,23,2.5,Design type hospital city.,825,72,390
34,System trouble save.,8,63,1.3,Nice officer eye reduce white we capital.,380,164,707
35,Place need.,1,100,3.8,Fight strategy wrong.,315,772,295
36,While together glass.,5,39,4.6,Inside hand detail lay our pressure.,374,559,976
37,Kitchen traditional.,10,92,4.0,Ago list buy school.,214,139,145
38,Box policy alone admit.,1,12,2.0,How successful black new.,430,862,355
39,Difficult include.,6,82,1.4,Such contain attention environmental.,32,766,298
40,Two.,4,45,1.2,Morning amount worker present.,549,246,880
41,Air road.,5,70,1.5,Late experience herself night.,685,648,539
42,Nothing fire.,9,65,4.5,Well author practice like such.,808,291,867
43,End.,7,70,4.7,Act operation what everything huge.,257,627,622
44,Check teach radio position.,2,63,1.6,Break because gas mind whole through team.,784,947,308
45,Other be item.,5,100,3.0,Mention most husband our nice.,597,109,595
46,Sort nearly.,7,29,3.1,Your measure little significant bed.,761,434,601
47,Consumer Mr reflect.,8,18,4.3,Side soon instead majority.,757,649,958
48,Table miss base.,8,27,1.8,Base north radio.,278,354,515
49,Capital apply or.,9,8,1.1,Black this son today.,441,764,351
50,News.,8,58,2.3,Near central south design sound.,954,906,316
51,Sing keep.,9,82,3.3,Sing skin site already population or.,786,577,722
52,Management story.,5,28,2.5,Step model star fact.,220,358,209
53,Office there traditional.,3,31,2.3,Fight herself until particularly enter light art.,175,328,67
54,Agree democratic.,5,31,2.1,Act morning wear any already seven body.,274,66,202
55,Clearly full.,7,60,3.9,Sell one hundred vote indicate.,647,958,130
56,Fast with past.,10,73,4.8,Head break measure threat choice best.,864,489,504
57,Team.,2,35,3.2,Contain look these per business interview.,206,88,785
58,Medical even consider.,2,34,4.6,Weight campaign mind if remain.,574,910,135
59,Imagine production environmental.,7,43,4.0,Rate young center make that.,389,33,212
60,Rich song raise.,5,92,2.8,Bed already continue attack once power strategy tell.,89,425,860
61,Society.,5,24,2.7,Another safe lot often able improve.,795,188,750
62,National southern.,3,38,3.3,Special action lot yet then detail.,874,226,182
63,Author fact.,2,86,3.4,Pretty firm data.,843,895,485
64,Chance that effect.,6,50,3.7,Movement than tend blood stay.,608,710,846
65,Might south.,4,46,3.7,Chance necessary prevent major reason drug security.,52,396,137
66,Modern view TV.,3,47,1.6,Strategy study tax.,661,761,833
67,Lose keep.,7,56,4.8,Movie away near explain forget important.,393,26,749
68,Similar food.,2,6,3.9,Fire book need.,395,33,369
69,Cut resource middle.,6,71,4.6,Ready may run life animal radio together.,739,351,169
70,Second fill.,7,11,3.5,Society thought else peace fill office place.,899,24,209
71,Continue figure.,2,91,4.9,Newspaper out send issue.,915,654,195
72,World bed.,9,100,4.2,Trial face professor role drive up.,506,707,282
73,End several.,9,68,4.9,View prepare much yeah pull close performance.,340,933,562
74,Congress protect.,3,55,1.9,They car maybe perform.,517,767,909
75,His here.,8,10,4.8,Religious level ball police discover shake.,134,596,629
76,Painting find growth.,10,38,3.8,Cost official anything action conference minute left.,691,757,381
77,Seven material.,9,21,3.0,Game next forward member.,897,509,3
78,Difference new word.,4,59,1.9,I hear career image.,271,262,311
79,Mean high step.,6,6,1.5,Good poor game product class science.,894,694,983
80,Hotel space goal.,8,23,1.4,Near expect sing up.,227,170,657
81,Fish skill course.,9,50,3.4,Rather black lose better who stand.,698,325,748
82,Recently arm interview.,9,67,3.7,Sort condition expect green.,578,33,94
83,Particular clearly.,7,93,2.2,Drug bank reach space your bank.,849,902,6
84,Majority kid.,3,65,4.9,Anything happy big later election.,96,179,636
85,Bit truth impact.,6,13,4.1,Fish because under his.,315,822,684
86,That or war.,2,7,3.4,Deal fall cover record.,806,803,45
87,Simply should.,2,50,1.7,Civil tree practice kind democratic project.,980,707,224
88,Knowledge peace night public.,5,14,1.6,Attack special event.,939,733,179
89,About rather find.,9,92,1.7,When choice range drive base then history participant.,930,41,113
90,Build professional.,9,13,4.0,She most instead with wall respond.,944,850,705
91,Product something there.,4,86,2.6,Just issue career yeah.,739,732,697
92,Throughout cold.,2,45,1.6,Shake artist fly idea clear not.,20,917,80
93,Threat pattern pay.,1,22,4.0,Step lose wall spring free decade cultural rest.,649,2,548
94,Figure argue staff difficult.,8,11,2.0,Decade firm lay father probably participant adult dark.,640,922,411
95,See by hear.,6,57,4.1,Visit window would fast.,882,354,292
96,Explain.,3,54,2.7,Four baby where tell only.,52,871,775
97,Action realize administration.,9,100,1.1,Material start exactly though.,856,42,749
98,Son chance picture.,3,53,2.3,Dream team fast step.,857,91,2
99,Break own.,2,7,4.6,Set cup difficult indeed we up.,995,139,306
100,Wife stuff.,8,59,2.3,Act fund respond radio cup professional on.,804,363,188
101,Water practice member.,8,40,3.3,Former beyond may task travel region senior some.,744,871,659
102,Cup marriage special.,2,33,4.9,Meet fire manage add.,651,206,887
103,Type inside.,4,74,4.9,We charge center join.,992,720,884
104,Boy understand time.,4,7,3.3,Process black scene kind.,649,400,487
105,Operation operation hard where.,6,20,2.4,Maybe figure pretty cut sound.,717,463,933
106,Spend sure.,2,60,3.9,Billion effect mention war how choose.,460,93,992
107,Issue four production.,4,93,1.2,Feeling account scene sometimes alone international.,87,996,297
108,Everyone.,2,13,2.2,Hot computer each possible.,176,745,433
109,Father east customer.,9,41,3.9,Success still mention than painting.,950,569,767
110,Parent remember.,5,86,5.0,Three garden goal.,166,166,103
111,Young instead.,6,32,1.7,Impact hope similar address star their scene.,547,186,848
112,Year society.,9,53,4.6,Answer hundred sister region receive whatever risk military.,650,227,67
113,Final state.,8,82,4.1,Wonder enter player responsibility do believe change.,149,485,46
114,Value she.,7,19,1.7,Likely you dark home a cause.,616,601,343
115,Mission apply rich.,9,86,3.5,Official staff public total crime three.,331,614,463
116,Back major.,3,22,1.6,Town why western determine respond key.,427,51,943
117,Pass position standard.,8,88,2.5,Range above list institution deep low fall identify.,821,430,644
118,Myself address.,4,20,2.8,Spend site allow stop lawyer.,893,95,149
119,Focus home.,7,63,1.6,Tell politics own program country.,650,122,865
120,Shake bring.,6,21,4.8,Hear brother bit laugh.,4,57,990
121,Another.,5,7,4.5,Western news food culture fill give.,924,731,999
122,Air head meeting.,4,84,1.1,Specific central opportunity company significant indeed space music.,414,154,687
123,Effort simply ago.,2,12,2.1,Between happen plant room.,395,353,595
124,Also.,8,88,3.9,Clearly pull improve call piece machine event.,583,551,424
125,Avoid expert.,9,65,3.8,Appear pay feel.,783,595,123
126,Side interest author.,10,48,1.7,Act magazine form image cut.,816,918,960
127,Maybe administration miss.,3,84,1.4,With head voice hundred travel up.,297,80,855
128,Gun strong send.,1,83,4.5,Agency certainly hold total person so.,37,566,870
129,Though we bed.,8,99,1.2,Message high born civil.,514,468,200
130,Husband draw.,2,22,2.6,Method image often.,486,449,80
131,Structure always.,2,43,2.3,Most hear two nor race.,272,924,472
132,Hear method force.,1,18,1.4,Apply six expect perhaps.,168,875,867
133,Production hear year.,9,40,3.7,Them sport particular war customer point.,290,161,794
134,Remember score study.,10,50,3.1,Land perform send.,629,854,547
135,Resource rise participant.,3,20,2.7,Although protect anything sing.,815,635,15
136,American.,7,29,3.7,Very project research color camera four true.,564,43,459
137,Enter.,10,72,2.9,Later magazine station pick month best.,976,973,390
138,Article short report.,3,59,3.8,Able available wide economic career authority.,766,840,251
139,Hot view home.,2,67,1.6,Ask make believe there.,311,502,46
140,Thus range true.,2,52,4.3,Decision matter those eat.,386,999,399
141,Certain serve.,4,88,2.4,Foreign source subject and.,956,287,781
142,Near skin.,6,73,2.0,Campaign today pretty hope source continue let.,443,175,880
143,Recently along.,7,68,3.1,Claim alone attention law start statement tax.,80,1000,266
144,Day.,9,50,3.3,Rather one imagine you site recognize find.,899,511,497
145,Bit.,5,35,3.3,Look idea beyond military health name quality.,138,522,503
146,Phone develop network.,2,78,3.9,Around life worry hour director ball.,932,720,283
147,Half.,4,46,3.1,Hear other parent treatment house try somebody.,731,906,148
148,Open lay.,10,20,2.7,Boy argue international attorney many.,239,437,449
149,Attorney street.,9,97,4.6,Machine send cell church speech never.,216,34,930
150,Goal official major.,2,68,3.8,Television evidence one.,243,995,742
151,Include public.,7,71,3.9,Paper account tend someone economy decade into station.,497,417,280
152,Listen lay forget.,7,51,1.3,Party next summer.,391,792,470
153,Particular little.,10,24,2.3,Management here TV green seek.,409,958,15
154,Population it.,10,26,3.1,Similar whether person without crime president.,405,32,184
155,Task our.,8,60,3.7,Join prevent church.,629,333,132
156,Worker mission.,4,43,2.0,Enjoy instead painting increase example quickly.,345,607,864
157,Get per.,9,28,4.9,American not collection year significant.,520,713,323
158,Word remain customer.,9,22,4.5,Age over down food management yeah price.,383,318,976
159,Old around.,6,17,3.3,Prepare science plant.,539,204,93
160,Bring never rock born.,10,92,1.7,Explain save know cup factor century enter high.,349,374,931
161,Floor key world piece.,3,45,3.0,Card resource member common plant.,970,276,589
162,Sport process.,1,46,3.9,Understand rest theory from.,246,53,348
163,Happy if forward.,4,23,3.3,Finish speech food argue west serve.,741,754,239
164,Public bag.,4,23,3.5,Pm whatever end staff industry weight.,301,529,788
165,Do letter road.,2,11,1.6,Force benefit throw remain analysis stay watch.,80,959,799
166,Recent oil amount.,3,80,3.8,Happy remember part player water.,967,871,975
167,Parent.,1,53,3.5,Newspaper heavy against fine either thus six.,826,857,390
168,Consider onto.,1,24,1.4,Bank usually law of.,98,260,969
169,Reveal behavior baby.,1,28,3.8,Foreign concern social operation individual season friend.,961,280,862
170,Number heart direction.,5,49,4.8,Establish understand woman sport market.,289,914,816
171,Mind risk production major.,1,65,3.5,Fine southern degree want.,513,818,543
172,Type true best.,9,91,3.6,Require some remain indeed speech.,601,479,658
173,Grow role never.,7,40,4.0,Reflect research activity person security must ahead.,102,139,608
174,Out.,1,82,2.4,Fact fish carry senior right set list.,452,1,134
175,Sea field modern.,9,63,3.0,Bit program factor fact the.,416,941,945
176,Which church fund.,9,96,3.2,Hundred while trade eight prepare they.,506,855,153
177,Understand safe single.,1,35,3.0,Carry sometimes cause use under.,605,271,843
178,Benefit fire.,10,98,4.8,Nation mention can politics worry.,388,198,705
179,Six ask run least.,2,98,1.5,Health more matter conference some majority.,720,707,850
180,Occur new religious.,3,8,2.4,Space factor watch beautiful.,687,710,854
181,Product worker three.,2,93,4.5,Field low ability floor.,183,11,539
182,Reach person hope.,4,82,3.5,Congress plan enjoy in production.,223,301,369
183,But.,2,84,2.7,Last your more yourself site.,314,745,646
184,Interview commercial purpose.,6,99,2.6,Major population serious budget join degree past film.,55,358,282
185,Himself sit.,4,97,2.5,Oil play mind recognize space culture.,826,978,258
186,Account use.,3,58,3.4,Hour a while form themselves.,778,672,219
187,Ball candidate yard.,7,30,3.1,Hour item real sometimes.,804,738,293
188,Very somebody kitchen.,3,43,1.2,Camera dream management high eight main including.,49,571,771
189,Past human fall.,7,7,3.1,Option produce call peace.,933,152,103
190,Factor leave phone.,8,83,4.9,Stand talk cut and argue.,712,451,41
191,Dark range author.,10,53,1.0,Federal figure else risk weight local.,972,98,503
192,Especially approach establish.,8,50,3.9,Turn Mrs use whatever represent treatment early.,535,713,7
193,Congress seat.,1,49,3.4,Computer Mr somebody likely suffer white out.,237,206,869
194,Walk natural bit against.,8,42,4.3,Determine forget step investment.,71,512,794
195,Available ball mother.,2,9,4.0,Hundred economic begin can Republican.,235,102,974
196,Reduce method keep.,10,50,1.6,Appear skin surface bring general indicate play.,35,699,550
197,Hot speak what.,7,68,1.8,Eye modern hold bag population happy.,832,596,989
198,Leave save entire.,4,54,1.7,Technology discover safe wall.,764,607,345
199,Character manager wife program.,3,16,3.1,Dark kitchen similar go score.,491,223,495
200,Treat threat world.,6,36,2.6,Attack add organization military support character news.,222,994,813
201,Record discuss agree.,6,6,1.2,Movement responsibility find get.,782,505,33
202,Role.,5,47,3.7,Budget technology Mr research.,26,54,361
203,Too medical.,2,29,1.8,Really argue involve president.,276,765,152
204,System.,4,23,3.0,Financial family move kid door.,307,137,791
205,During throughout allow.,6,93,4.4,Drive effect more finally sense right.,544,502,730
206,Another PM evidence.,7,9,4.0,Nation goal dark benefit star young.,420,46,978
207,Similar represent.,9,19,1.3,Trip factor figure speech suggest safe.,59,565,959
208,But car.,4,72,1.3,Development here account also series effect number side.,411,460,641
209,Such responsibility significant.,1,96,4.7,Sit main put former.,395,611,258
210,Area teacher bank.,10,83,1.8,Stop wide treatment program see.,497,622,454
211,Expect tend note.,1,80,3.5,Anything structure increase southern Democrat guess boy.,723,819,700
212,Toward only article.,10,19,3.2,Into should involve account room two.,369,13,765
213,Decision better health.,2,30,4.6,Give standard last same.,386,889,67
214,Price.,10,7,3.9,Customer base food audience many challenge population red.,255,561,117
215,Behind indicate high.,4,18,3.0,Energy natural city anyone history.,170,569,709
216,Today population total resource.,4,79,2.9,Better future each sell impact.,356,175,697
217,Bring heart same.,4,89,4.3,Back result they simple board.,916,253,159
218,Especially ten.,8,40,1.0,Friend create million second her under develop.,903,192,928
219,Part involve factor.,7,55,1.7,Seven radio recently often like knowledge senior.,301,772,731
220,Hand.,7,20,2.5,Brother recently one specific structure everyone.,456,580,63
221,No.,7,6,2.9,Market project east team.,42,710,351
222,Under.,5,73,2.8,While game contain something indeed factor.,945,35,525
223,Turn upon.,6,26,2.9,Always cover garden work mouth while religious newspaper.,527,951,368
224,Occur factor ever.,4,98,3.8,Exactly finally reduce economy street own.,939,280,518
225,Movie consumer.,2,98,3.9,Person their near suggest dark into.,340,239,395
226,Recently with truth.,7,27,3.3,Open enough election whole.,966,682,303
227,With lawyer.,3,19,2.8,Expert series physical.,814,655,300
228,Professor them serious.,8,23,4.4,Grow way full then safe role.,458,118,431
229,Soon reach.,3,22,4.3,Mrs end question.,888,547,844
230,Resource camera feeling.,5,9,1.1,Top animal rise remain meeting.,136,376,835
231,Week do nothing.,1,56,4.9,Soon same social hot natural.,587,470,335
232,Idea.,7,13,3.2,Machine husband consumer.,334,516,608
233,Place.,1,8,3.6,Score soldier lose white meeting name statement.,340,862,632
234,Back control.,2,55,3.7,Like relate relate unit fear.,559,683,188
235,Town really.,4,100,4.6,Easy letter right contain talk customer seven.,483,756,809
236,Enter yes.,3,44,2.4,Eat inside owner and customer.,770,813,801
237,Purpose.,1,28,4.2,Arrive statement almost store key radio.,685,507,605
238,Return about.,10,17,1.6,Ask forward compare mention toward go suddenly.,697,419,166
239,Development system.,4,8,1.2,Exist rock open save measure who too.,316,668,679
240,In surface suddenly.,6,20,4.5,Cold leave land represent too more.,764,839,668
241,Strategy rather and both.,10,65,4.2,Country treat operation expect.,247,276,225
242,Step manager.,9,72,2.4,Couple first probably seven fund.,839,376,351
243,Safe base.,10,86,1.0,Receive blood relationship draw.,686,586,723
244,Sing whether board.,3,100,4.9,Economic break seat while pretty street player.,541,632,828
245,Experience religious shoulder college.,2,9,2.3,Dream situation evidence add develop fly.,136,166,95
246,Together fast.,1,50,1.8,Several scientist it.,260,911,729
247,Institution.,4,97,1.5,Real animal foot style.,729,51,658
248,Store magazine.,4,83,4.1,Of white reach than marriage should suffer.,673,948,493
249,Difference student where.,7,14,1.8,Happen decade market soldier address role.,970,356,638
250,Last wait it.,10,70,1.8,Laugh word however particularly.,708,986,518
251,Among book.,10,21,3.0,Company fight discover audience scientist leg activity.,710,451,525
252,Million.,5,46,4.0,Quality couple type while a.,272,730,602
253,Seem.,7,37,4.4,Order than trial.,95,286,652
254,Street help according.,3,19,4.6,Be forget amount push it.,874,482,560
255,Well tend.,9,47,3.5,Fight question he account realize eye.,318,395,11
256,Tend fish own phone.,4,75,1.8,School attention charge sense late.,421,899,988
257,Not science.,7,24,4.0,Table job politics four.,359,982,37
258,Large daughter probably.,7,48,3.5,Small local sign music sometimes crime.,222,389,431
259,Finish exist executive.,1,53,1.6,Safe kid other increase professional gun city.,344,638,138
260,Avoid matter.,10,24,2.2,Result line history look story.,89,621,518
261,Or mention check forward.,7,47,4.9,Room concern film ground reduce low.,231,519,451
262,Interesting total here.,6,14,2.7,Four middle standard clearly technology magazine real.,395,871,292
263,Even accept.,1,95,3.9,Sport job or.,14,278,824
264,Out material.,7,44,2.5,Clear opportunity election great.,867,152,486
265,House writer many.,3,9,2.2,Firm worker win member provide candidate dinner.,392,159,516
266,Author general truth.,1,45,2.5,Race let tax.,730,163,321
267,Score site.,1,65,1.1,Board play measure full our PM.,586,374,326
268,Performance campaign use large.,1,19,2.7,Radio race country he who ready.,857,998,730
269,Every support.,6,92,3.1,Resource goal management road painting fight have.,81,774,978
270,Stuff enough represent sometimes.,2,13,2.4,No past surface this case.,327,736,89
271,Course.,5,38,4.2,Piece recognize local idea effect toward someone region.,350,864,861
272,Sell so plant.,6,74,3.7,Computer much story her.,398,778,648
273,Week there sometimes.,7,79,2.0,Ask financial employee power door.,91,94,769
274,Child toward board.,2,48,2.5,Chance forward yes huge.,429,414,151
275,Director.,5,19,3.1,Great such source say worker whatever.,588,116,411
276,Draw why.,7,85,1.7,Treatment feel law service learn.,819,424,133
277,Wife sign generation.,1,64,3.5,Floor third human.,775,692,22
278,Discussion enjoy camera.,6,9,4.0,Scene result issue hear drug.,738,814,436
279,These paper order.,3,95,3.9,Public now man say off.,258,964,37
280,Family modern.,9,72,1.3,Outside each religious.,716,881,811
281,Job Democrat.,6,78,4.5,Leave game somebody teach.,706,332,909
282,Energy watch door.,6,100,3.9,National other movement night factor.,166,952,332
283,Deal save suddenly.,10,24,4.3,See available car film animal short behind south.,525,209,5
284,Fill conference.,1,26,3.1,Federal year free good.,416,581,142
285,Yeah dog though.,8,51,2.7,Probably argue control information spend west.,200,105,224
286,Bill himself science.,2,20,2.3,Address international think who group sometimes contain.,774,273,333
287,Star writer of.,9,37,1.0,Think the shoulder build dark third visit.,432,417,973
288,Nature economic.,1,82,1.5,To radio evidence little information process property.,88,981,775
289,Candidate yourself.,5,30,4.6,Lead increase need election smile.,85,149,501
290,Series pay care.,7,95,1.3,Break resource level kitchen put.,135,688,834
291,Coach discuss happen performance.,3,65,3.4,Including purpose recently near fact eat foreign.,123,758,667
292,Say sound likely.,2,21,1.8,City push statement scientist indeed your.,482,893,12
293,Large test.,9,46,2.8,Race old outside share television.,496,230,311
294,Positive go our.,8,45,1.5,Standard rest almost.,318,259,204
295,Door check simple.,8,93,1.1,Forward summer quickly I especially fight move.,235,825,845
296,Television age pretty.,8,6,4.6,However town police player its them trial.,214,551,753
297,Later hand senior class.,2,36,4.6,Work fish economy people stand.,633,173,773
298,Value relationship buy.,8,28,1.1,Girl raise house return very.,599,648,652
299,Land rock.,9,95,1.7,Option although watch computer.,590,90,621
300,The personal say.,3,6,2.9,Realize play others mind despite.,516,103,92
301,Never bring.,8,8,4.1,Region pressure dog.,469,198,346
302,Official receive rest.,4,35,2.0,Professor yard which door.,639,235,224
303,Those.,6,80,2.6,Option more personal change even face.,800,675,914
304,Too perhaps.,9,19,3.4,Ahead unit share determine.,358,356,146
305,Truth thus.,2,29,3.0,Successful particularly face nice newspaper media smile.,368,612,446
306,Recognize half example.,4,69,2.4,Democrat thank stage group budget.,396,107,696
307,Theory network film success.,7,23,3.0,Name full good seek series involve.,72,111,643
308,If happy send.,8,60,3.1,I industry bag price box newspaper person.,836,635,444
309,Threat sing together.,3,39,3.1,Before painting policy bag arrive writer.,957,446,999
310,American same town travel.,6,26,3.4,Agreement compare foreign discuss.,119,923,841
311,Image inside.,7,17,1.1,Official sister interest ask leader.,508,432,796
312,Present nation wife himself.,7,74,1.8,Law eight job challenge.,425,935,470
313,Be.,7,50,1.4,Music no executive street task.,602,856,952
314,Degree ask protect.,5,39,3.3,Me base less side billion want air explain.,418,723,196
315,Shake research.,6,81,1.6,Act kitchen skill human cause network.,314,637,954
316,However value.,8,8,2.9,Decision government history major view.,257,807,872
317,Resource her still.,7,87,4.0,Way close entire pick body fund.,812,238,794
318,Power.,3,39,2.2,Run campaign necessary fall.,315,408,269
319,Animal lawyer six.,7,63,4.2,Although watch company probably among want big.,116,959,939
320,Either marriage.,5,47,3.6,Garden relationship walk trial food.,468,357,574
321,Anyone former.,6,36,2.5,Test so middle father together increase indicate.,986,502,938
322,Enjoy major.,1,71,4.8,Compare truth behavior economy.,819,293,780
323,Rather health.,9,53,1.8,Six like front action rather general work plan.,150,900,108
324,Draw national.,8,78,1.3,Old maybe understand piece play off chair.,297,909,376
325,Door organization.,8,26,2.4,Walk almost agent pull president road short successful.,268,919,576
326,Challenge point surface.,3,77,4.2,Pull style under chance.,240,19,769
327,Matter what dream.,9,84,1.7,Community development article discussion.,766,903,198
328,Night land.,2,41,3.5,Top page practice task artist task local.,146,216,932
329,Present charge.,2,29,3.3,Blue cold Mr work hotel high.,554,937,595
330,International her behind.,2,22,1.4,Especially various not our truth probably reveal Mr.,741,443,169
331,Five wife participant.,10,48,3.5,Project range minute teach speak area.,549,836,358
332,Enough executive.,1,14,1.1,Own reach meeting message.,213,861,768
333,Owner oil.,2,42,2.3,Form tree eight six.,635,526,601
334,Month recently.,3,85,3.0,Prevent student benefit still why usually beautiful population.,608,922,124
335,Become price.,10,9,2.7,Admit less door.,641,54,907
336,Pm particularly.,7,89,2.0,Off key power smile model.,101,560,44
337,Behind all.,4,83,1.3,Ground carry far listen industry religious child.,112,722,113
338,Ago might.,5,75,1.3,Fast adult forward country amount go.,35,40,299
339,Bank member process focus.,8,13,4.4,Course financial because receive of positive more.,624,209,339
340,Same management.,6,52,3.0,Party whatever garden lay democratic clearly.,946,479,18
341,Movie.,4,26,2.7,Space center personal yes.,227,455,248
342,Spring past.,5,45,4.2,Director image and how collection impact trouble.,530,15,198
343,End professor statement.,6,19,2.9,Right among budget woman evening anything.,287,117,43
344,Lawyer.,6,94,3.5,Development left wall.,458,419,51
345,Left beyond hour court.,1,78,1.7,Personal past century concern group inside of.,997,491,926
346,Everyone return.,4,97,1.8,However box respond attorney establish.,665,182,806
347,Necessary thank.,8,53,2.4,Woman car trip speak attack always.,618,794,936
348,Break effort.,3,34,4.0,Rise song mean really evening factor.,713,991,821
349,Minute more anything.,10,88,2.5,Suffer when health check environment.,199,998,273
350,Marriage hold important.,2,46,1.9,Hope south we two laugh a.,440,449,527
351,Party movie American indeed.,5,68,4.1,Floor second sometimes free later house professor.,87,17,855
352,Value allow institution.,2,82,2.9,Get ago property.,948,81,959
353,Three public.,6,96,1.9,Daughter receive style listen clear above believe.,80,761,575
354,Strong candidate.,1,28,2.1,Light bad along myself either simply.,113,966,655
355,Foreign.,10,31,1.2,Loss travel prepare face himself.,47,606,594
356,Second teacher.,5,62,4.5,Strong party best position listen growth weight.,498,771,296
357,Civil pay safe.,3,15,2.5,Day every hundred top form.,800,761,140
358,Particular car ago bring.,8,39,3.1,Debate politics painting those that car.,138,286,307
359,Kind represent section.,4,24,1.3,Business knowledge house compare.,327,345,381
360,Degree article.,5,20,1.5,Model decade total model.,214,117,859
361,Data hit career single.,1,54,1.6,Hit project various have set.,845,42,34
362,People treatment mouth condition.,7,14,3.1,Door indicate follow hit.,157,27,691
363,Chance not.,5,83,3.0,Right at check reach share always cup size.,375,974,745
364,What long how.,6,44,2.2,Same thank above research short.,321,159,82
365,Admit fast quality.,9,33,1.7,Anyone try value single arm into reflect.,281,636,474
366,Include per.,3,8,4.1,Example possible later other research shoulder such three.,844,669,519
367,Every.,1,53,3.5,Wonder reach until suffer alone middle.,779,753,983
368,Nice listen car.,6,53,1.3,Service character direction relate.,204,267,359
369,Question.,5,85,2.1,Issue save under record would.,390,241,915
370,Itself already.,10,38,3.0,Yourself material exactly result become war.,421,757,949
371,From magazine.,8,45,3.7,Yard process attention save speak.,876,553,472
372,I door item.,10,45,4.0,Break quality clearly establish.,939,301,515
373,Into ready by.,8,22,1.8,Ten coach idea administration.,823,18,494
374,Heart beat treat.,7,15,3.9,Policy capital recently religious environmental despite.,687,316,931
375,Evidence summer crime.,1,10,1.8,Get almost animal main.,387,165,311
376,Hundred last wind.,9,55,4.4,Space ago certain someone three nation talk game.,769,994,696
377,Attention before he.,5,84,3.9,Second win relationship rock reach radio recognize.,45,135,972
378,Skin movie.,9,89,5.0,Certainly shake meet certainly strong child join.,852,892,311
379,Finally officer.,2,98,3.4,Us television measure citizen.,895,985,874
380,Fast son.,7,63,2.0,Modern participant teach market short join however.,103,202,907
381,Fear week wonder because.,7,80,4.3,Pick bank computer security organization nice.,65,855,397
382,Important senior never.,8,81,4.6,Nice energy none as any along.,448,115,721
383,Red find fire.,7,68,4.4,Learn end particular throughout speak truth democratic.,924,257,8
384,Attorney wind.,8,69,2.9,Create not likely whether child.,660,145,541
385,Well that baby.,9,10,3.9,Morning imagine yeah answer box traditional.,961,306,212
386,Federal television bar.,2,63,3.0,Safe amount administration present adult plan.,973,752,877
387,Camera media move.,6,24,1.5,Senior tonight civil.,179,441,272
388,Blood finally few.,4,52,1.6,Start avoid choose serious no.,973,576,428
389,Require present.,9,71,1.8,Remember night happen decade interest.,236,337,820
390,Technology wish.,3,28,2.4,Those land among less event mother.,220,93,110
391,Everything.,8,14,1.8,Organization very most total by.,293,460,148
392,Picture participant in outside.,2,14,2.4,Student analysis nation apply dream alone behavior successful.,517,583,627
393,Bed marriage.,3,8,4.8,Record how two floor letter.,515,581,766
394,Network.,4,6,2.2,Else once again and.,41,271,72
395,Show understand.,7,33,4.5,According necessary technology purpose clearly identify statement.,797,310,216
396,National charge.,2,22,1.5,Research any fall focus.,38,315,717
397,Push wish lay.,7,21,1.6,Suggest role television board career.,725,330,970
398,Individual win art.,3,48,3.1,Fly bit live significant house TV himself or.,626,131,846
399,Maybe girl cause.,3,10,4.2,There personal choose international seek.,392,460,41
400,From view.,8,47,1.8,Ability fund nature let company everybody human.,920,468,474
401,Republican ahead difficult.,2,54,4.1,Understand simply act.,349,545,820
402,Amount civil.,9,52,3.9,Change teacher none feeling attention available.,21,294,236
403,Maybe point.,4,17,4.3,Enough size paper again policy.,708,921,217
404,A special.,3,7,2.1,Enjoy provide already drop likely grow detail benefit.,704,26,519
405,American return indicate apply.,10,21,4.6,Employee trip property financial growth position.,501,526,368
406,After sound my.,7,25,4.6,Weight family past political.,183,319,344
407,Miss a white.,4,76,3.8,Free laugh guy assume chair him.,943,137,812
408,Today.,6,79,1.0,Himself significant go old lot coach moment.,220,421,967
409,Own fight.,8,82,1.6,Support share happy.,646,388,269
410,Read under.,5,66,2.4,Rate nature go body later day.,735,211,86
411,Lay crime.,9,85,2.2,Five country consider might.,221,874,978
412,Study customer.,9,51,2.5,Anything collection space agent.,661,774,232
413,Purpose.,1,37,1.9,Mention government right southern hear.,835,886,575
414,Worker under watch.,9,28,2.2,How shoulder street hold real.,2,113,303
415,Level man operation cup.,8,64,4.8,Measure visit campaign bed single treat.,765,141,481
416,Six myself.,10,53,3.4,Full everybody growth citizen.,16,766,868
417,Let somebody.,5,50,2.2,Wall as result build or piece.,755,171,133
418,Ability half mission enter.,5,67,3.5,Minute understand east less call have development customer.,753,334,132
419,Something hand.,6,32,1.7,Economy forget radio case artist on.,559,641,945
420,Technology piece.,6,79,4.3,Usually success huge others own rather may trip.,609,148,881
421,Most.,10,75,3.0,Night able gun remember buy stop.,491,993,513
422,Realize.,1,85,2.9,Couple voice evidence there share beautiful.,735,235,767
423,Response six model.,2,21,2.2,Citizen level everything.,865,814,120
424,For.,5,69,4.0,Avoid chair write especially source better know.,653,475,133
425,Too keep area.,2,62,4.2,Hundred quickly trade question chance.,434,391,995
426,Issue read watch.,10,25,1.6,Capital drop outside generation.,762,224,850
427,Test perhaps thousand.,5,86,3.2,Production democratic make glass arrive.,6,964,644
428,Beat place.,2,78,5.0,Available sing air word stay only quality.,976,789,710
429,Century whether.,4,60,1.4,Report field debate nothing smile.,318,827,297
430,Miss.,1,22,4.1,Eight material process.,541,327,757
431,Trip physical.,2,72,2.0,Out note current picture sort specific training skill.,387,851,825
432,Effect include beyond.,10,75,1.5,Attention identify education economy financial address.,199,98,29
433,Man identify mind.,9,90,4.5,Fact industry recent defense company which star.,272,388,163
434,Partner keep quite.,5,88,4.2,Its service father call also.,296,211,268
435,Space such area.,8,12,4.7,Him end consider idea camera floor treat.,409,333,955
436,Practice culture follow.,5,59,2.1,Right season effect Mrs person anything improve.,613,900,424
437,Official fall when yeah.,4,82,4.9,Often quite meet Congress.,197,8,760
438,She fill class.,1,86,1.2,Purpose pressure must capital do energy.,304,742,306
439,Treat general hot.,9,78,1.2,So trial method garden.,191,376,355
440,Guy book question nice.,9,81,3.4,Wide exist free political allow miss prove southern.,87,237,127
441,Imagine local pressure.,8,57,2.6,Themselves policy entire why listen alone through white.,340,325,315
442,Window sea mean.,6,38,1.3,Moment plant although contain process firm sport.,658,666,111
443,Technology window.,1,38,3.1,Plant his measure phone simply role serve.,217,896,869
444,Above.,8,18,3.9,Never line future make international.,606,958,163
445,His many spring.,7,97,2.5,Line year painting state fact.,895,470,132
446,Or rate radio.,9,98,5.0,Alone interest wall any the dream old.,301,729,671
447,Senior field positive head.,7,53,1.8,Attention hotel really stock statement rate.,857,679,723
448,Power lot but fund.,9,91,4.3,Fish wonder already who act indeed difficult.,102,881,765
449,Feel base understand.,5,60,1.3,Them nation area but kind site.,99,229,702
450,Marriage in economic turn.,4,40,4.4,Recognize save with method apply policy son later.,261,110,795
451,Talk in role.,4,14,2.5,Everybody provide interest likely since brother.,812,813,844
452,Western carry nor.,5,62,1.4,Push executive particular store.,57,673,257
453,Standard.,8,33,2.8,Chair vote moment arm describe interview red.,505,415,89
454,Firm adult term clearly.,10,20,4.2,Board magazine national.,767,81,568
455,New it board.,8,96,2.9,Three show situation guy onto.,141,680,461
456,Section account treat.,6,79,2.3,Follow reach happy usually campaign reality blue.,359,834,583
457,Deal ever sometimes.,10,73,2.2,Four number tree close example.,59,209,583
458,Accept away.,4,34,3.0,Pretty bill garden alone way organization.,761,384,799
459,Exactly meet.,3,78,4.8,Develop hand southern campaign under central.,179,265,878
460,Receive yeah.,4,34,2.6,Above beat explain this upon him.,807,46,199
461,Factor structure.,6,97,2.8,Him system allow stop president economic what hotel.,521,402,631
462,Sing ahead.,1,38,2.1,Within foreign sense rate.,850,174,6
463,Star some newspaper.,3,85,4.9,Magazine best make law.,919,980,180
464,Ball but kid.,1,46,2.6,Practice ago hit buy.,148,727,462
465,Worker value teacher.,5,45,3.1,Newspaper want fear evidence question quickly along.,95,615,384
466,His operation ask.,3,45,3.4,Itself exist control society.,171,852,599
467,Coach popular.,4,81,2.8,Push almost technology where move about social perhaps.,615,39,24
468,Training relationship.,8,96,3.3,Course order customer somebody item present huge theory.,425,750,451
469,Despite main world.,7,83,3.2,Box if civil town next race significant.,488,720,555
470,According value.,1,63,1.5,Here debate manager government sometimes start.,595,858,340
471,Magazine sit.,10,65,3.0,Stay land eight event rock big add help.,358,5,525
472,Music member.,6,98,3.1,Cultural rest step bad avoid these.,754,799,402
473,Down people hear.,2,92,1.1,Including his local American stock every.,242,28,609
474,Box entire.,7,27,3.7,Stay fire him outside.,514,977,516
475,Movement remember interest.,5,31,2.2,Put put view term item drop.,763,560,198
476,Amount stand.,2,9,3.4,Night again air budget his travel.,896,507,909
477,Management technology.,5,75,1.3,Address rate section.,49,908,115
478,Need against.,1,71,3.5,Defense remain similar hit participant.,46,331,295
479,However western sister if.,8,39,5.0,College movement whose indeed technology outside.,184,741,1
480,Teach nearly during describe.,5,54,3.6,Campaign claim nothing sometimes station sit.,858,894,126
481,Between star difficult.,8,61,2.2,Parent over understand Congress create nor.,392,998,183
482,Democrat give talk.,7,48,2.0,Name speech weight over even room participant.,935,156,431
483,Radio usually.,5,36,1.6,Morning deep choose know improve control mission call.,847,578,314
484,Start everyone tree.,6,76,2.0,Think open prove them major national.,775,179,955
485,Color care.,5,47,4.9,Question pressure bit you sometimes minute.,441,494,570
486,Fund difficult law.,10,73,2.4,Across check generation score dream produce.,441,91,502
487,Actually even from.,9,28,1.9,Operation east message question seek important this.,74,414,423
488,This.,7,65,4.1,When throughout want blood laugh company.,687,442,189
489,Way style often.,2,78,3.6,Style air organization home.,845,55,442
490,Every seat send understand.,7,80,3.0,Instead reality the other success.,495,240,848
491,May hospital.,6,28,4.5,Size alone world eye power.,63,689,302
492,Former guy reflect guy.,10,17,4.3,Explain investment recently hit.,182,271,901
493,Night.,10,20,2.5,If central type decision member.,858,285,777
494,Property keep.,1,56,4.0,Owner key factor team concern page issue true.,766,5,42
495,Here rich individual.,7,55,4.3,Product account condition score material.,583,590,454
496,My.,2,64,2.9,Thank wish inside kitchen pick stand.,153,846,45
497,Would future.,1,33,4.0,Music attack rock under Republican.,646,815,647
498,Summer give.,8,94,2.9,House everyone opportunity instead recently exactly.,608,84,422
499,Huge spring country.,8,39,4.4,Individual coach visit this ten strategy per street.,691,653,75
500,It onto current.,7,87,1.7,Dark wait sound bill cut.,427,728,842
501,Home reduce.,9,85,4.4,Sound job control full tree.,569,979,306
502,Book travel song.,4,52,4.6,Fire place friend college price east.,718,488,525
503,Me camera various.,7,63,4.4,Occur participant already once experience.,239,675,483
504,Health generation.,8,35,2.2,Debate last Congress want song feeling small.,917,677,700
505,Social hope.,10,40,4.1,Student quickly rest student.,196,266,873
506,According image arrive.,1,68,2.5,Thank theory size stop carry individual require continue.,233,461,807
507,Happy morning.,5,27,2.9,Matter deep recently partner during whole.,208,224,875
508,Unit.,10,29,1.9,Dark study artist brother.,821,793,891
509,Fund final try.,3,84,1.7,Nearly service by majority.,357,457,545
510,Everybody for experience.,4,94,1.2,Able yourself meeting same.,329,131,975
511,Officer benefit suddenly.,6,98,2.1,Ability especially picture.,256,299,899
512,Drop.,3,45,2.8,Toward eight understand.,313,266,146
513,Especially also sell.,4,42,1.3,Body system size special information deep.,667,19,387
514,Treat return feeling.,1,99,2.4,Item reality step tough college scene seat.,942,728,623
515,Politics yourself.,7,67,1.5,Parent similar market can debate.,609,218,526
516,Prepare cover.,5,49,3.6,List keep local.,660,970,913
517,Water choose market.,10,30,4.3,Especially crime station strategy company certain.,387,747,159
518,Minute discover.,6,82,3.4,Fast color city fund they nature she.,35,727,89
519,Defense last management.,8,44,1.3,Bring own step.,373,649,691
520,Product course music.,7,58,4.3,Factor company common.,407,272,441
521,Affect field amount.,5,8,3.3,Especially daughter on language sit guess company.,463,248,79
522,Suffer just simple.,6,75,1.5,Return heart just church some century even make.,497,630,844
523,Certain office herself.,4,35,3.6,Report culture notice.,50,118,53
524,Gun truth treat.,8,27,1.6,Water air side wrong sense article billion spend.,120,152,122
525,Arm individual discuss.,2,55,3.2,Out pick big among miss.,158,896,691
526,Allow dream mind.,4,74,1.3,Spring news notice establish.,1,439,871
527,Concern hand along.,3,8,1.8,Everything new fly room top performance friend.,30,914,423
528,Future special.,4,22,2.9,Continue above arm amount.,732,193,455
529,Stock from talk.,8,68,1.2,Maintain cut great member that film mother.,718,645,501
530,Type throw north.,9,54,2.1,Enter nothing pull sea both wide.,918,807,707
531,Point treat.,2,75,4.5,Your family cold for.,370,657,422
532,Approach inside worry.,6,23,1.2,Question minute right standard term will indeed east.,351,815,693
533,Probably ready argue.,7,47,1.7,Still nice account so assume.,221,769,1000
534,Growth painting draw.,2,44,4.1,Middle huge organization finish buy sing.,529,643,734
535,Wall item.,8,95,2.4,Enter treatment so beat hold.,885,195,444
536,Weight sit.,6,51,3.4,Go stage attack.,963,632,824
537,Material result.,6,6,3.6,Many network born near indeed.,857,221,475
538,Building mind forget.,10,15,5.0,Possible our measure might respond.,431,102,327
539,Which memory.,2,25,1.1,Create thought television certainly.,917,435,286
540,Coach pick officer.,1,56,3.9,Thus business man one.,919,700,742
541,Page also democratic.,1,43,4.5,Today boy garden when.,183,392,37
542,Available quickly.,3,85,2.0,Six approach discuss before them kitchen relate.,510,304,53
543,Station human she.,3,30,4.7,Far carry wish door cultural few challenge.,982,299,423
544,Old understand end.,9,87,1.4,Chair safe suggest fund popular against.,183,648,975
545,Before statement.,1,39,2.6,Produce spring generation notice that PM.,413,363,669
546,South center read.,5,11,3.8,Especially program growth course well.,861,632,816
547,Last campaign though.,8,6,2.0,Life contain prevent truth question.,852,511,199
548,Art weight.,3,60,3.5,Go over open.,83,827,846
549,Simply kid talk push.,9,51,2.3,Quite local measure society.,428,870,686
550,Work stock.,3,12,2.6,Worry eight within court.,982,579,107
551,Wall whether.,1,45,2.4,Or two represent Mrs community.,105,548,655
552,Likely including.,9,47,3.9,Two best per light season similar.,918,171,931
553,Certainly receive.,5,59,1.4,Phone statement magazine evidence we life.,828,185,92
554,Seek scene.,4,77,2.1,State notice right agree middle plan consider.,977,187,61
555,Which as involve.,6,80,1.8,Would head all spend rather book market such.,976,969,530
556,Admit hotel those.,2,29,2.5,Direction reality risk live generation able financial.,288,853,628
557,Million road of.,4,21,2.8,Responsibility while wait feel note.,219,460,297
558,Detail common music.,6,31,4.4,Treat hospital trade message participant song.,951,624,144
559,Everyone upon.,1,46,1.2,Probably personal that follow rock perhaps.,522,726,302
560,Push what.,7,73,3.8,Over turn wife capital whom.,497,785,529
561,Writer someone.,4,30,2.2,Them go that Mrs budget weight much.,713,620,792
562,Let gas doctor.,3,70,1.1,Foreign cover determine real lawyer heavy particular.,535,662,299
563,Increase measure check.,3,48,4.0,Produce likely discuss head agency condition draw way.,583,864,285
564,Down individual.,4,88,3.5,Especially key art gas.,797,685,831
565,Argue point campaign.,1,96,4.1,Both let more.,116,75,626
566,Quality.,8,45,5.0,Today lay dark red president benefit.,528,609,401
567,Game personal million either.,8,61,4.5,Huge debate worry employee other charge.,242,941,806
568,Man first.,3,54,4.8,Visit attention cultural really.,630,281,744
569,Lot actually series.,1,78,1.3,Strong five respond protect piece wait.,810,720,649
570,Large common.,2,99,2.4,Task almost lose weight.,37,975,850
571,Continue.,5,21,3.4,Part on approach among raise box affect.,795,20,239
572,Know human.,10,14,3.0,She let still visit pull top around.,288,853,74
573,Raise like since.,1,68,3.9,Exactly mother newspaper whether stuff such.,22,635,22
574,Out check everybody.,7,74,3.8,Plant have term box though support message.,32,357,152
575,Everything exist.,7,99,3.6,That write machine market billion citizen.,613,837,615
576,Assume argue.,9,13,3.8,Actually couple language any.,549,502,290
577,Improve life.,2,19,3.0,Catch Republican oil until catch once.,990,143,796
578,Former send.,4,12,3.5,Last will able history western.,433,660,764
579,Man there born.,2,37,1.2,Wide relationship thing choice its surface meeting.,696,864,673
580,Sit process.,1,63,4.8,That write determine young every lose move.,178,332,516
581,Offer tonight tax.,7,28,3.9,Avoid different join hot anyone spend.,348,20,636
582,Sure its.,8,51,3.2,Animal mind star stock success move figure others.,458,550,748
583,Play war television your.,7,19,4.4,Since responsibility argue piece majority.,201,376,960
584,Someone focus.,9,68,4.4,Move seem outside.,630,587,337
585,Forget thus.,7,75,3.4,Become person money order deal something.,738,467,621
586,Carry trade.,8,14,4.6,Same place notice low true food social.,774,656,44
587,Best theory by.,4,93,1.1,Week day seat ability special hard decide.,926,46,816
588,Later return heart.,4,28,2.4,Easy ahead well see.,249,507,138
589,Present wear age.,3,40,3.9,Give region save.,969,960,851
590,Skin investment decide.,9,77,3.5,Become leader whole participant.,833,912,216
591,Enough white country.,2,27,2.2,Herself activity hour only region.,241,77,703
592,Safe line sure I.,1,14,3.1,This new late seem admit similar report exist.,302,207,572
593,Boy.,8,22,2.2,American worker improve fall view.,884,563,99
594,Coach particular.,3,16,3.8,Eye show happen task.,918,362,882
595,By same.,6,84,3.5,Scientist tough administration share today.,591,776,612
596,Task late.,8,23,1.5,Remember politics film possible size.,95,513,294
597,Study property.,10,97,4.6,Computer however sit final organization.,829,183,457
598,Shoulder anyone just laugh.,6,65,3.6,Every machine card drug life.,2,615,960
599,Someone write.,9,6,2.0,Key interview build firm create name energy investment.,13,227,321
600,Eye without.,2,22,5.0,Resource blood result month finally true.,360,199,356
601,Population.,8,28,4.5,Sit them decade black pressure girl.,256,53,438
602,Item.,1,56,1.7,Line first another foot lose.,547,114,201
603,However teacher page.,7,71,2.5,Couple management part risk administration beat.,552,342,515
604,City arm position.,2,51,3.9,Sure collection maintain onto.,990,860,412
605,Light board nothing.,8,72,4.2,Employee up glass prepare business outside follow.,425,435,322
606,Lawyer suddenly reflect.,3,53,1.5,System you course indeed.,846,206,535
607,Western family.,5,11,1.9,Affect whom study believe she less.,887,329,185
608,Happy spend school.,6,49,3.2,Will story sound nor professional.,611,674,492
609,According particular visit enough.,3,72,3.1,Minute two theory eye might you thus.,161,580,803
610,Police wall itself.,4,76,1.7,Ten cell mean local risk half.,444,722,332
611,Attorney anyone south.,3,54,1.2,Owner simply cover score.,515,363,332
612,Draw learn.,8,19,3.7,Account either entire budget establish.,589,510,878
613,Within national control.,9,91,4.5,Experience part other have wait make ability.,549,622,160
614,Entire theory.,6,28,3.0,Federal evening politics more couple scene.,420,944,133
615,Everything current carry.,8,49,2.0,Join end against teacher middle one real.,866,527,970
616,Become future he.,4,24,4.1,Term never start information.,892,457,734
617,Arrive style.,7,81,3.6,Campaign field a our little move.,43,168,245
618,Director language direction.,8,81,2.3,Why exist care religious spring ten.,834,364,141
619,Adult pattern person energy.,8,50,2.1,Policy song key range loss involve.,991,785,708
620,Without.,8,12,1.6,Down reflect second during organization.,345,708,410
621,Wait feel pull itself.,4,55,4.4,Hard clear fast.,919,437,952
622,Full change get.,9,17,2.8,Get inside able few yes though away.,863,857,478
623,Or he traditional.,10,14,3.9,Shoulder sell prevent and ten.,245,315,414
624,Most ago rule.,4,55,2.4,Walk customer head.,271,417,669
625,Remember.,9,91,4.6,Brother modern hair.,514,736,197
626,Author professor follow.,5,77,2.7,Area of Democrat about.,398,495,192
627,Deal forget road.,6,99,4.8,Develop capital meet various admit similar since.,631,807,473
628,Whole man.,9,31,3.7,Feel happy table group recently major end.,40,419,671
629,Nearly design.,3,68,2.9,People often kind least.,340,892,342
630,Line analysis expert.,4,34,3.4,Fear only show series.,653,956,192
631,Upon everyone hit.,4,59,2.4,Much investment only each want soon seem say.,91,190,319
632,What never claim right.,3,18,3.1,Affect trade red carry on oil.,140,953,366
633,Television in service either.,3,31,1.4,Find act issue sure feeling.,910,175,534
634,Bank too send girl.,3,100,1.3,Move campaign receive each several.,295,486,382
635,Two sing.,8,18,2.3,No music environment teacher series herself close.,787,243,54
636,Play let field.,4,27,2.5,Light might police nice.,531,35,417
637,Remember name difficult.,7,13,2.9,Allow PM popular example section.,992,214,671
638,Middle name on.,5,34,3.1,Various arrive work weight.,422,483,97
639,Remember.,2,100,1.1,Brother system agency national.,862,107,427
640,What sure.,9,92,1.2,Affect industry big join difficult leave record.,377,30,242
641,Minute glass say.,1,100,4.0,Executive car player yourself.,902,596,337
642,Edge ever own.,5,44,2.1,Five sea include word produce population.,865,859,148
643,Usually.,5,29,2.0,She time process team doctor PM.,975,138,948
644,Resource morning.,5,51,2.1,Eye past perhaps today expert.,297,792,960
645,Market his instead.,3,89,1.9,Once could environmental race like final.,398,139,558
646,Clear.,3,34,4.7,Development expert science beautiful fill.,724,410,401
647,As west.,2,40,2.8,Anything learn very weight.,93,75,768
648,Somebody along whom.,8,93,4.3,Force local development.,505,173,442
649,Art ago.,1,100,1.1,Skill politics establish simply word minute.,893,604,985
650,Leg doctor its start.,6,31,2.0,Because realize position.,800,774,773
651,Art mother.,7,87,2.6,Spend agree reach consider lay.,864,565,252
652,Physical.,5,28,1.7,Market dream move it serious.,188,235,281
653,Total.,1,33,3.0,Within wide try recognize analysis.,486,830,146
654,Bar give chair.,6,85,3.6,Economic good total standard upon would skin.,653,988,760
655,Parent.,8,59,2.4,Least build evening today international.,991,782,626
656,Form improve.,4,34,3.5,Finish home financial from parent peace real.,414,763,751
657,Believe recent.,5,95,2.4,Show daughter such walk stand.,303,225,35
658,Sit season.,8,61,4.2,Control eye per receive.,97,857,555
659,Drive key reflect.,9,34,1.5,Laugh leader indeed set.,189,215,866
660,Fight continue.,4,52,4.8,Total industry woman forward collection.,253,338,798
661,Seven say successful.,5,9,4.5,Huge rule according music once.,167,210,774
662,Production good drop.,3,22,2.2,Pattern mind nothing operation sit.,55,678,466
663,Well.,1,61,4.3,Employee yourself but lead rule heavy.,793,684,723
664,Available society lay.,2,8,2.0,Indeed charge sister return name billion really bill.,295,480,107
665,May adult.,10,66,1.4,Happy authority strong community.,380,259,797
666,Camera truth decade.,8,10,1.9,Article us total church apply yeah player.,572,149,376
667,Relationship study.,10,9,2.2,Feeling everybody agree meet rest.,711,738,993
668,At focus resource.,5,18,5.0,Kitchen baby him third company wide than.,626,269,309
669,Television lose want.,5,54,3.8,Ok service tree heavy leave national box.,745,522,36
670,Wife speak.,3,82,1.1,Somebody difference each official manage range person.,979,374,33
671,Mother peace them.,7,59,5.0,Well manager section true agreement.,528,458,324
672,Away follow.,6,53,2.7,Doctor later home.,464,444,130
673,Owner.,9,38,2.6,Ever collection charge task subject.,892,696,170
674,Other industry early.,4,75,4.5,Account one cause memory down.,934,971,722
675,You door.,7,99,3.0,Task yeah admit home fine write.,437,91,387
676,Design spend stay.,2,80,2.4,Add market myself bring also work.,366,361,394
677,Country simple what.,9,10,4.4,Yet suffer no.,283,908,288
678,Minute onto bit.,10,55,1.2,Name agreement take hope right.,155,186,697
679,Anything behind.,5,92,1.6,In shoulder strong.,854,374,946
680,Into policy.,7,43,4.6,Brother or no simple rise.,811,628,748
681,Official Mr hear.,1,75,1.7,Sport free difference.,177,891,706
682,Trial Congress despite.,8,97,1.8,Order field worker fine gas sign.,977,77,522
683,Late stand.,5,51,5.0,Role start charge expect ago case yes.,651,100,564
684,Option inside happen.,1,52,2.5,What shoulder together toward test point share.,709,851,838
685,Until man for.,1,10,2.8,Loss always ok car stand.,463,652,534
686,Build that.,5,85,4.9,Family doctor day character tough reach reflect majority.,485,537,518
687,Campaign her card.,4,51,4.0,Edge meet young five.,204,943,461
688,Pay them turn.,1,67,3.0,Building feel include structure include.,380,884,748
689,Support born them.,10,92,2.4,Billion laugh arrive own use save conference.,823,311,215
690,Effort.,10,61,4.4,That spring choose.,257,376,588
691,Area drive man.,10,53,5.0,Rest win short watch instead back.,865,74,674
692,Significant glass.,3,94,4.2,Must eat whom foreign mouth score.,197,598,343
693,Society best.,7,39,2.7,Fight executive all mouth center possible.,409,689,94
694,Wear recently science.,4,60,4.2,Unit plant culture several.,243,498,261
695,Situation watch we.,4,97,3.7,Region TV beautiful rule believe party.,79,706,233
696,Officer ago.,7,42,4.0,Show blood generation many artist.,143,282,676
697,Trouble wait.,3,42,2.8,Improve job baby his assume require energy.,369,173,420
698,Prove western all.,4,84,2.0,List read forward responsibility happen college.,210,46,148
699,Tonight their.,4,55,3.6,Factor part travel treatment happy hold usually.,185,170,965
700,Chance difficult speak.,2,36,3.5,Technology health win wonder energy painting.,693,226,590
701,Require indicate rather.,3,99,1.7,Across only choose environment pick.,499,212,421
702,Sport customer real.,3,45,1.5,Though shoulder course trade behavior.,959,312,40
703,Occur girl.,3,51,4.8,Against water issue radio between character just.,534,90,136
704,Word truth green.,7,43,4.9,A technology newspaper energy.,564,796,61
705,Simple.,8,61,1.1,Month officer none.,761,930,311
706,Land fine data.,2,26,4.5,Just approach market.,775,902,630
707,Able answer season mother.,6,54,3.5,Individual recent owner.,756,329,926
708,Candidate where news.,5,16,3.3,Drop church live book pick.,579,41,654
709,Several main standard.,1,66,2.5,There also join.,859,6,779
710,Board impact.,2,6,1.9,Heavy young truth writer grow more.,109,532,812
711,Teach feeling action.,4,97,4.2,Science however skin get.,979,899,927
712,Stuff authority.,1,60,1.2,Technology small of wind analysis drive rock.,365,461,61
713,System establish window.,5,20,4.9,Bed me girl point happen plan.,333,324,161
714,News house too.,8,94,4.6,Task something example would management.,752,193,655
715,Thank student.,6,30,3.4,Financial trial executive actually from choice shake.,216,57,618
716,Benefit.,5,56,1.6,Conference cover daughter simple might blue.,257,552,965
717,Course book say.,6,37,2.0,Personal person matter treatment none defense never.,808,915,810
718,Special day walk.,1,47,2.5,Area return moment top.,662,218,540
719,Hit animal.,3,66,4.7,Break box history each change pressure forward offer.,738,878,528
720,Simply property.,6,28,1.6,Can whose different manager ball.,778,950,887
721,Through current.,9,75,4.6,Rate purpose show drop resource deal.,227,839,618
722,Thing man cup.,8,97,4.3,Never example article none.,319,293,34
723,Artist debate full.,7,59,1.5,Week my reach director machine measure difficult.,560,608,592
724,Detail debate.,3,41,2.1,Life career care leader term never.,966,321,677
725,Cell wish.,4,18,3.4,Particular parent finish hotel peace a easy.,928,567,746
726,Heart listen foot.,6,8,1.9,Baby usually election her.,433,97,507
727,Image movie.,8,90,2.1,Performance event drug face.,924,818,504
728,Far miss argue.,10,38,3.7,Improve would science white response president ahead.,532,466,593
729,Forget any.,10,71,3.6,Summer growth condition grow model article work you.,412,4,701
730,Quality whole.,2,66,2.3,Picture you you change.,680,350,339
731,Design property.,10,39,1.3,Receive public source human approach.,492,851,548
732,Option look adult style.,7,73,4.9,Above sit wife billion property.,808,271,99
733,Radio believe bit.,10,66,2.7,Country every become when public purpose.,955,546,473
734,Line.,4,89,1.7,Itself add international enjoy get need indeed.,121,405,122
735,Condition wide.,3,49,2.3,Out market lead floor.,686,709,719
736,Rise.,10,73,4.0,Laugh civil husband six ten.,754,607,553
737,Teach purpose tonight buy.,5,45,4.2,Hand yard increase party difficult.,227,724,2
738,Could piece.,2,95,4.3,Political hard media skill performance soon.,148,56,263
739,Spring evening.,8,70,2.4,Special report deal within.,106,432,160
740,Involve particularly.,3,75,2.5,Ready effect ever rate gun produce stay.,871,107,213
741,Environment walk school.,7,20,2.9,Friend loss recent do window mission across.,607,835,847
742,Fact card.,8,31,4.5,Will hospital people employee fine design how.,247,437,595
743,Watch.,1,40,1.4,Agency already resource activity decade test away.,890,857,971
744,Collection to.,3,87,1.8,Technology fly house film word.,557,264,590
745,Could money.,2,39,3.3,Nearly argue civil return hot.,906,609,604
746,Look.,5,60,3.0,One everyone little.,51,723,348
747,Man into establish general.,8,71,2.4,Too probably debate.,9,774,738
748,Share authority PM clearly.,8,64,3.4,Series of include defense product thank threat.,670,909,988
749,Door need provide.,4,11,4.3,Remember son trial choice.,972,324,118
750,It lawyer.,5,60,2.7,Media fight end myself dinner identify should miss.,297,606,544
751,Picture.,5,7,3.4,Relate think name exist believe.,762,500,95
752,Gun west data.,5,25,2.2,Fall situation here.,521,414,78
753,Traditional how few.,8,21,4.9,Decide theory decade produce.,818,900,337
754,Room against least.,4,76,1.1,Tree around fire their at prove.,767,396,327
755,Difference develop ahead.,4,72,2.9,Age write food establish black leg town.,247,580,224
756,Gun coach.,4,99,4.0,Nor ahead reason same force firm wrong.,757,123,489
757,Allow never.,4,97,1.3,Entire two our anything.,570,192,718
758,Better spend watch Republican.,10,78,1.7,Small light itself indeed member Mrs.,729,290,891
759,Never fine simple.,5,61,4.4,Radio type cell.,967,972,178
760,Big.,2,62,2.3,Wish feeling their us treat simple me.,52,749,995
761,Area guess.,8,49,1.7,Couple set least still from.,627,40,952
762,From.,10,52,4.1,Mention analysis structure.,776,962,575
763,Girl.,10,54,2.9,Movement white how.,804,535,945
764,Best fund visit.,7,81,3.1,Physical west participant particularly land.,247,33,215
765,Require off.,5,85,1.7,End serious person.,800,60,521
766,Nation compare account.,10,36,3.9,Work animal even season model think room.,734,943,215
767,Difficult it.,6,81,1.5,Science join leader surface sister.,22,568,996
768,Student edge.,7,85,1.2,Case news early effect.,173,872,166
769,Lose effect.,6,34,2.1,Stock people race see.,14,583,64
770,Public house evening.,9,14,2.4,Weight case oil it north team exist.,779,888,67
771,Court real top.,8,100,1.3,Early product boy.,421,206,756
772,Tough fact case.,5,69,3.2,You deep about magazine.,901,366,150
773,Agreement per someone.,4,53,1.9,Record camera investment three commercial.,878,82,591
774,Gas young.,6,7,4.7,Suggest avoid be support question surface despite.,516,492,346
775,Plant real.,10,23,2.2,Sound hear medical six unit the.,113,535,966
776,Begin bank.,4,84,1.3,Indeed gun effort participant allow.,315,971,983
777,Would resource.,10,11,1.5,Everybody window court now we treatment available.,260,993,603
778,Always example owner.,9,96,3.3,Agreement whole meeting seek father house language.,506,84,149
779,Drive student history.,10,17,2.1,Prepare year example few value lawyer.,456,311,530
780,Heart player process.,8,60,1.6,I foreign trouble surface something development choose concern.,665,861,783
781,Than we attack.,8,32,2.1,Might own by final.,607,433,861
782,Hot send class.,6,27,2.5,Enjoy deep set.,502,326,883
783,Name travel serve.,7,13,1.3,Camera too participant already.,124,785,674
784,Rule sell energy.,1,96,2.1,Fight six win land.,755,259,835
785,Look before.,6,62,3.6,Change soldier customer my very expert.,624,784,959
786,Loss trouble.,10,99,2.1,Star worker which.,398,662,838
787,Subject several seat.,8,66,1.8,Sea brother leader safe interesting write.,189,347,677
788,Feel store.,5,11,1.0,Care alone would official white.,566,277,119
789,Consumer message tough.,7,7,3.3,Test admit culture rock reflect seven.,291,584,596
790,Price stay hear.,2,86,3.2,Contain young everybody may general benefit.,104,786,915
791,Visit reveal.,5,87,2.1,Plant effort activity nothing change out attention quickly.,449,193,808
792,Agree interest defense.,10,24,4.2,Better enter sure remember boy.,777,532,366
793,Recognize receive.,7,70,3.0,Same direction can role statement.,259,22,807
794,Always enough large.,2,40,1.9,American free should travel fly idea ready upon.,124,227,723
795,Everybody agreement.,5,85,1.3,Along perform for these.,890,38,643
796,Why see.,4,81,4.1,Assume last debate set fine back significant.,273,101,482
797,Its drive.,1,73,3.4,Go purpose eye fund.,185,672,366
798,Seven adult door.,7,56,3.7,Environment myself issue idea professional accept understand.,694,400,779
799,Hear role.,5,45,4.9,Southern feel will federal.,377,595,809
800,Training become.,8,22,4.9,Five politics phone drop he scientist also.,365,351,333
801,Improve win.,6,76,3.9,Just particular nature.,374,202,768
802,Share claim little.,9,11,1.8,Wind little turn leg.,874,899,994
803,Nothing music.,7,8,3.7,Heart truth return people because share.,282,967,188
804,Remain key consider.,7,100,3.3,Baby seven loss campaign.,831,777,468
805,Building morning.,6,26,3.5,Matter song stay ahead audience moment.,198,202,715
806,Arrive home.,2,50,1.0,Open ever rest risk base.,792,477,929
807,Class throughout.,2,43,3.3,Country stock project hair fact often.,678,563,627
808,Pull officer.,6,51,2.3,Skill born buy.,868,119,755
809,Important change which.,6,10,3.1,City ability seat certain follow high among.,749,526,949
810,Make far.,4,17,3.2,May raise crime level animal want.,81,518,544
811,Page sing fire.,10,41,1.7,Whom his administration relate participant.,317,372,956
812,Quickly offer.,10,74,1.8,Arm show environmental run us north professional.,648,292,917
813,Talk professional daughter.,6,24,4.1,Process those send audience protect our letter.,772,308,995
814,Area set involve.,8,92,4.8,Capital want toward movie also.,77,597,446
815,Myself fish response.,6,6,1.5,Spring economic agreement go by sit.,950,773,32
816,Analysis significant born environmental.,10,33,3.7,Benefit lot five official who along.,826,940,458
817,Piece might.,5,6,2.0,Become throughout it pull live appear reflect.,342,341,18
818,Western new song.,2,71,2.6,Own woman hit gun.,863,407,580
819,Enjoy five.,6,9,2.6,Source suggest child success.,347,796,511
820,Expert mouth pick.,7,67,3.4,Seat tend rate baby.,316,147,270
821,Pm learn.,5,13,1.0,Boy money really brother war.,875,587,437
822,Land left.,5,58,3.8,Provide stage anything feeling sport learn.,694,20,906
823,Culture parent any rest.,5,60,2.1,Standard pretty themselves.,153,562,646
824,Term method instead.,6,78,2.4,Up coach nearly entire.,629,229,790
825,Wonder American.,1,31,1.3,Doctor federal charge exist enter cold serious.,918,323,597
826,One consumer energy.,6,14,3.6,President your leave realize must impact.,2,647,914
827,His name treat.,3,82,1.2,Partner number scientist personal.,415,468,435
828,Everything television member.,9,61,1.3,Much value with box.,592,878,488
829,Yeah color free.,4,62,4.8,Financial budget manager hair fire region sense.,535,175,360
830,Term.,5,72,1.9,Bit environmental thing seven support.,316,992,237
831,Near among old.,1,43,1.3,Environmental trial down notice middle.,310,381,79
832,Garden hotel.,7,32,3.6,Food resource over wish support.,190,959,185
833,Minute floor late.,10,78,2.6,Answer resource improve.,152,697,502
834,Federal foreign sport.,10,30,3.2,Door form through down few.,706,980,874
835,Last provide.,7,40,1.7,Whether old by believe one forget manage.,894,760,893
836,Event coach page.,8,61,4.7,Point anyone exist exist behind reveal visit.,900,666,596
837,Significant.,3,97,2.6,Decade edge form easy might.,490,511,967
838,President oil floor.,1,77,2.0,Eight we reduce those ok carry how.,782,912,796
839,Rise his drop.,3,39,4.7,Second establish yet way field.,271,933,165
840,New.,10,81,3.4,Street rather growth throw leg.,924,462,624
841,Short.,5,87,3.5,But partner boy attention reach compare.,974,159,463
842,Not.,6,99,4.2,Evening office place economic.,355,332,954
843,Pull sport.,5,78,4.2,Partner hand story central for choice.,128,236,597
844,Special pretty.,7,75,2.7,Radio article no.,125,540,871
845,Modern spend.,5,37,3.9,Trade hour size long enough.,327,392,233
846,Such condition Congress.,3,97,3.9,Instead modern person just.,945,172,445
847,Own reason.,9,90,1.3,Half ok make between moment present matter.,152,644,837
848,Society instead.,1,45,4.5,Card will common soldier.,499,786,876
849,Across water.,9,68,1.4,Indicate let hard him popular.,607,294,63
850,Line boy.,2,41,4.8,Report nothing better.,553,614,845
851,Four establish recently.,5,74,1.6,Now matter agency treat do.,308,921,956
852,Run book allow ask.,10,52,4.7,Moment herself skill.,308,844,687
853,Its store quickly.,3,17,4.7,Fact easy probably Congress and.,691,740,750
854,Already choose.,5,42,4.8,Also control two stage someone wear case.,140,429,248
855,Rock lay stock.,10,21,2.2,Difference this leader provide toward real memory.,497,204,408
856,Whose condition smile else.,6,18,4.1,Over machine different last goal sing factor.,621,567,472
857,Heavy mean scientist sister.,1,20,4.4,Build father heart any.,950,369,725
858,Sense future firm.,8,61,4.3,Medical practice this away.,557,597,989
859,Drug ask last.,5,21,3.6,We dream security but.,140,401,416
860,There upon.,9,99,3.3,Five total usually half direction.,196,117,377
861,New half similar.,4,88,2.6,Inside however kitchen economic reduce.,161,517,864
862,Imagine better.,9,62,1.3,Respond can someone smile too bring.,814,311,624
863,South however try.,2,17,4.2,Season area type trial government piece bed.,326,690,348
864,South life often.,2,52,1.9,Community especially night race film.,812,181,47
865,Smile yeah area.,8,62,1.1,Work let build class on.,475,665,420
866,Knowledge.,2,92,2.9,Threat team able find these who.,649,380,852
867,Ahead through painting.,8,33,2.1,Health white official prove.,106,184,225
868,Huge nation.,9,53,2.0,Explain food how.,456,887,442
869,Great market common.,4,56,3.3,Tv include out discover anyone line present.,419,818,873
870,Push long.,8,46,2.4,Party simple blood question reflect time election.,917,281,38
871,Game stuff pass.,2,83,2.5,Up less certain continue who year.,713,145,86
872,Example stuff.,6,94,1.2,Site computer continue street call.,405,219,680
873,Boy parent.,5,52,2.8,Sea often six travel camera similar imagine.,514,599,849
874,Decide PM American.,7,20,2.6,Order office cover forget yard moment own.,330,973,972
875,Mother certainly always.,10,77,4.6,Eight reach as result fight beat well.,243,696,660
876,Measure man medical.,10,78,4.4,Even sure perhaps in never.,477,47,518
877,Weight office.,1,35,3.1,Mr ability material final certainly yet least.,343,513,437
878,Itself describe.,5,34,1.5,High foreign international him oil share care.,251,44,689
879,Successful other low.,9,84,1.1,Current sell chair pick animal friend summer.,166,560,19
880,So approach.,7,86,1.2,Show around speak always condition could offer.,589,834,82
881,Act development class.,3,34,1.6,They past chair national mean finally ask.,373,488,645
882,Account leg account.,3,73,2.9,Here throw gun surface relationship resource already education.,664,529,197
883,Suggest.,2,92,3.8,Us as worker authority front security.,322,722,336
884,Head very why check.,2,29,1.3,Walk read beat.,982,46,420
885,Live candidate.,7,83,1.8,Give anything change material to store radio.,427,42,474
886,Left look each.,1,92,1.4,Wear great star style once dog policy.,591,140,725
887,Rate sound sport.,3,93,3.7,Admit new effect.,775,914,980
888,Skill item you.,1,75,1.5,Nation member in number attack note.,757,44,914
889,Camera local themselves.,7,63,4.4,Win become education news oil owner sometimes thus.,110,577,117
890,Provide save difference.,6,87,1.8,Bank bank my single growth reality both.,743,277,896
891,Dog actually fine.,5,27,4.3,Need green require.,388,392,163
892,Sure same.,1,41,1.5,Situation wish director more question.,618,779,884
893,Bag new particularly.,6,61,2.8,Answer company turn affect central.,143,223,391
894,Loss involve imagine.,7,90,3.7,Deep one effort myself already research in.,732,570,806
895,Air serious defense.,9,60,3.7,Board court student than.,964,676,427
896,Long behind.,9,38,2.7,Maybe father hot increase war age pass.,730,273,739
897,Whom fish.,8,75,3.9,Stand oil rate east front west.,363,229,293
898,Address take find.,3,44,1.1,Beyond write think.,492,752,813
899,Move after.,2,53,2.5,Relate through night group force worry responsibility.,272,743,336
900,Economy stock never.,3,95,1.3,Catch statement camera enjoy pressure.,803,768,638
901,Scene our.,1,88,1.5,Home away else type air year.,981,709,777
902,Wide player.,1,39,3.3,Together arrive business heart trouble Republican.,548,939,920
903,Show.,3,76,3.9,Eye animal billion sea police forward study.,262,298,280
904,Teacher yet report.,3,13,1.5,Stuff plant player life watch.,947,16,718
905,Bill know.,6,38,2.7,So speak wrong whatever adult account.,934,845,815
906,Herself rock foreign.,3,81,2.3,North building control television take expect.,190,227,486
907,Treat fish.,8,46,2.2,Ball collection paper realize.,645,564,345
908,Kind plan want.,9,85,2.8,Rule myself let week.,42,57,998
909,Follow federal term.,7,37,1.0,Building they market bank add girl.,488,364,604
910,Side his.,3,68,1.7,What after audience production make trade.,20,991,570
911,Without message near.,1,74,1.0,Bit southern great today.,569,599,654
912,Move recently base.,7,40,4.1,Financial let majority professional.,585,428,262
913,Coach environment where now.,8,92,4.6,Character memory why its.,360,312,135
914,Matter international.,2,20,1.1,Right concern fall.,280,887,488
915,Little door that interest.,4,34,4.9,Organization task subject ability.,438,434,560
916,Town surface.,2,50,4.7,Nothing what too letter accept scene name.,513,409,28
917,Full computer particular own.,6,10,1.7,Back challenge wish voice.,40,595,776
918,Ok debate wonder.,5,12,2.4,Reach suddenly stand.,678,700,296
919,Radio ask dark.,2,21,3.5,Option agency newspaper can sister appear.,313,483,88
920,Party carry speak model.,6,44,3.2,Bad herself these perhaps movie.,156,774,93
921,Born develop.,4,77,2.9,Tree own however five.,223,788,573
922,Remain attention.,8,79,4.8,Seem expect list rich store.,138,698,968
923,Situation letter.,2,56,3.5,Listen whole fund imagine.,909,535,194
924,Up indicate.,9,39,5.0,Open none your three.,105,450,166
925,Author model television.,3,13,1.7,Teacher manager firm recognize more loss station.,952,64,338
926,Away officer.,9,28,4.3,Pretty determine among they energy anything safe.,567,830,440
927,Final mean summer.,3,17,2.5,Season popular painting instead simply.,119,657,744
928,Difference happy.,10,85,4.8,Note morning statement TV church various how.,423,181,257
929,Company quality interview policy.,2,55,4.3,Candidate early region low budget society significant describe.,701,762,426
930,Most opportunity.,5,32,1.1,Stay where child him pass traditional available.,623,821,795
931,Amount huge century.,2,12,1.3,Action tell build official cell article central pass.,599,812,524
932,Her turn.,5,82,4.1,Officer picture east cost nation see.,644,574,538
933,Item remain.,5,79,2.5,Make offer our science condition.,189,194,237
934,Family drug administration.,7,75,1.2,Sit understand test ground art development.,908,905,334
935,Increase party.,4,86,4.1,Unit big often idea win that quickly training.,881,967,111
936,Do voice.,5,87,2.6,Laugh fill thought dinner.,150,7,871
937,Magazine.,6,84,2.1,Old north me special.,551,515,730
938,Check.,9,47,3.6,Food wall up floor production whatever.,418,685,54
939,Up generation into.,4,97,4.4,Point because call paper whole middle raise.,5,940,139
940,Else receive sport.,10,30,4.9,Air everybody seek rock us rock say.,196,987,914
941,Respond laugh.,1,58,1.7,Affect smile make scene.,412,68,308
942,Between.,8,21,1.4,Skin late well instead.,406,417,209
943,Song difference.,3,73,1.9,Technology by hair involve.,448,509,967
944,Economy here difficult.,2,82,1.4,Alone understand pay early bit she.,107,337,576
945,Yard line.,7,27,2.7,Almost true bag strategy another none special business.,229,484,635
946,Network near out.,6,96,2.2,Quality democratic line total.,199,228,926
947,Represent prove.,2,73,2.9,Various operation deep group population.,946,972,367
948,Sing never agreement.,2,36,2.5,Away try per enjoy wear phone.,335,339,686
949,Build by.,5,26,2.1,Attorney century not him treatment effect body.,505,982,163
950,To these.,4,22,4.0,Lay economy study seek.,897,828,707
951,Third project.,4,91,4.6,Project avoid half order recognize politics.,637,642,501
952,Although message stuff.,6,73,1.4,Least everything amount produce again night.,811,665,244
953,Artist little.,4,17,1.3,Affect form community around mission however.,58,306,865
954,Strategy.,1,66,3.8,Child fear story summer catch economic country.,599,738,982
955,Such another.,5,9,4.1,City source management check purpose improve.,286,306,33
956,Example accept building.,6,24,2.8,Again nation four visit before several.,671,344,254
957,Yet let.,6,69,1.8,Tonight home hear play machine.,310,637,211
958,Yet draw.,1,96,4.4,Produce drug president environment those statement good.,458,246,31
959,Language argue close fact.,5,30,1.9,Arm paper participant draw.,668,476,879
960,Offer official.,9,77,4.4,Use show beat including.,460,842,562
961,Tax big.,3,59,4.2,Rule race word service way.,458,146,625
962,Seem game painting.,6,34,1.1,Decide real process responsibility very.,801,976,777
963,Law identify.,9,35,3.4,Environment interesting road quality fact.,635,352,566
964,Water house.,1,64,1.9,After herself game scientist rise some.,874,527,942
965,Shoulder series suggest.,9,72,3.9,Support agreement long admit Mr nor full.,731,934,650
966,Camera interview remember.,3,6,4.0,Arm heart cold order national.,802,616,343
967,Girl Mrs project.,5,42,3.5,Important because whole service deal section against.,213,745,700
968,Tend view finally.,4,24,4.8,Walk carry suffer recently difficult play training.,194,363,491
969,Better type.,1,13,3.4,Rate industry build when simple body page.,310,616,501
970,These total.,6,80,2.3,Type go family fact TV first economic.,664,185,995
971,Performance involve.,9,39,4.8,Work least foreign administration avoid.,889,634,924
972,Team message audience to.,8,8,2.8,Bank Republican laugh address small American.,889,799,694
973,Respond deep court.,3,52,3.1,General return at process east board.,984,820,97
974,Summer sometimes final.,4,54,2.2,Wear watch let first between nearly decide probably.,472,644,567
975,People home.,1,21,1.7,More above shoulder society school write.,250,830,169
976,Program just toward kind.,7,76,1.5,Ahead he night nice man.,619,691,746
977,Individual state second.,9,68,2.6,Seek history happy role.,390,909,848
978,Try sing.,10,38,1.6,Meet she each too image.,737,869,112
979,Sister animal.,10,41,1.8,Society show person hand.,237,84,666
980,Personal about.,8,35,1.5,Stop also authority.,728,585,701
981,Agency.,8,13,4.3,Since keep school have federal.,896,562,489
982,Land might government.,4,81,4.3,Bar stock establish back federal especially top.,507,670,745
983,Before fact southern involve.,3,10,3.6,Effort night kitchen early bring speech later.,736,592,657
984,Pm dinner before.,7,18,4.5,Less lawyer research suffer economy recent on.,569,774,856
985,Help drug.,6,46,3.6,Growth event opportunity right.,549,67,226
986,Sure woman spend.,10,64,4.0,Include wrong floor culture.,456,661,121
987,Scene.,8,7,1.2,Once both commercial full particular easy.,850,926,859
988,Everything trip.,7,82,3.0,We wonder and chair pass real open.,816,548,252
989,Whether well use.,10,64,2.3,Discussion off why later.,756,363,276
990,Hit range.,6,91,3.6,Cultural already light of word performance.,59,437,766
991,Still although care.,7,44,4.2,Available represent model subject.,888,508,980
992,Level reason.,3,67,2.7,Everyone black tonight policy training hand tonight.,295,893,693
993,Office affect send.,6,44,2.9,American partner recently since serve.,145,691,40
994,Lose entire.,1,24,3.6,Difference choice seem tonight.,631,321,676
995,Rich trial.,5,55,2.7,Interview specific become no.,316,346,673
996,Level reflect learn.,5,9,2.6,System growth car watch information according.,149,376,359
997,Night say.,2,75,2.7,Maintain third only phone woman.,198,890,740
998,Wonder book.,6,97,3.6,News add market risk hospital close.,399,653,2
999,Unit.,4,24,1.6,Small out age eat benefit century little thus.,479,952,538
1000,Movie as give.,10,28,1.6,Half need sell various model.,558,946,204
