id,nombre,apellido,edad,pais,suscripción,ultimaFechaVista,dispositivo
1,Sylvia,Taylor,35,Tunisia,Premium,2024-10-13,Móvil
2,Lori,Jones,35,Mexico,Gratuito,2023-10-23,SmartTV
3,Julie,Greer,22,Comoros,Gratuito,2024-08-16,PC
4,Michael,Dean,36,Ecuador,Gratuito,2024-07-23,Tablet
5,Jessica,Larsen,18,Guinea,Familiar,2023-03-02,SmartTV
6,Christian,Jones,33,Brunei Darussalam,Estudiante,2023-07-10,Tablet
7,Alexander,Lutz,21,Antarctica (the territory South of 60 deg S),Premium,2024-01-24,SmartTV
8,Tommy,Hutchinson,51,Tonga,Estudiante,2023-03-22,SmartTV
9,Kathy,Lucas,53,Yemen,Premium,2025-01-04,Móvil
10,Joseph,Turner,32,Belgium,Familiar,2024-05-02,Tablet
11,Dawn,Smith,49,Bangladesh,Familiar,2023-05-19,Móvil
12,Meghan,Yoder,41,Micronesia,Premium,2023-09-30,Tablet
13,Edwin,Norris,55,Mauritania,Gratuito,2024-08-20,SmartTV
14,Angela,Horne,42,Argentina,Gratuito,2023-12-21,PC
15,Tyler,Hull,22,Denmark,Gratuito,2023-06-23,PC
16,Kelly,Hall,25,Falkland Islands (Malvinas),Familiar,2024-05-17,Móvil
17,Dominique,Johnson,58,Antigua and Barbuda,Gratuito,2023-04-02,SmartTV
18,Christina,Williams,59,Macedonia,Gratuito,2024-10-24,PC
19,Jeffery,Guerra,45,Saint Helena,Gratuito,2023-04-15,SmartTV
20,Jonathan,Campbell,33,Vanuatu,Premium,2023-09-05,Tablet
21,Alexis,Rivers,28,South Africa,Familiar,2024-07-17,PC
22,Jennifer,Gonzalez,51,Andorra,Familiar,2025-01-01,PC
23,Barry,Dickson,55,Saudi Arabia,Gratuito,2023-04-12,PC
24,Cory,Mcdonald,36,Puerto Rico,Familiar,2024-11-01,Móvil
25,Christopher,Peterson,19,Malta,Gratuito,2023-05-28,SmartTV
26,Brandon,White,22,British Virgin Islands,Familiar,2023-07-24,SmartTV
27,Diana,Bennett,50,Palestinian Territory,Familiar,2025-02-25,Móvil
28,Colton,Garza,49,Benin,Familiar,2024-08-03,SmartTV
29,Johnathan,Moore,48,Holy See (Vatican City State),Premium,2024-11-03,Móvil
30,Julie,Reynolds,23,Mauritania,Familiar,2024-03-25,Tablet
31,Logan,Lynch,46,Liechtenstein,Gratuito,2023-09-13,PC
32,Bill,Jordan,39,Canada,Gratuito,2023-06-18,PC
33,David,Potts,47,Iraq,Familiar,2024-12-30,Móvil
34,Brandy,Hansen,22,Colombia,Estudiante,2023-12-27,Móvil
35,Shane,Johnson,32,French Southern Territories,Gratuito,2023-12-04,SmartTV
36,Samuel,Paul,42,Solomon Islands,Estudiante,2023-07-18,SmartTV
37,Ryan,Burton,18,Seychelles,Premium,2024-07-03,Tablet
38,Peter,Mitchell,48,Austria,Gratuito,2024-11-10,SmartTV
39,John,Cole,39,Mauritania,Premium,2024-08-23,SmartTV
40,Brenda,Simon,48,Latvia,Gratuito,2024-04-13,PC
41,Monica,Lawrence,39,French Polynesia,Estudiante,2024-01-21,PC
42,Debbie,Cole,52,Portugal,Premium,2025-02-03,PC
43,Erin,Howell,43,San Marino,Gratuito,2024-11-07,Tablet
44,Richard,Johnson,32,Sudan,Premium,2023-05-30,Tablet
45,William,Petty,48,Albania,Estudiante,2023-06-07,SmartTV
46,Larry,Stanton,20,Macedonia,Estudiante,2025-02-15,Tablet
47,Kirk,Edwards,44,Gibraltar,Gratuito,2024-01-19,PC
48,Mark,Williams,40,Namibia,Familiar,2024-07-22,SmartTV
49,Tracy,Lloyd,21,Iran,Premium,2024-06-18,PC
50,Ebony,Calderon,55,Mauritius,Familiar,2023-10-22,PC
51,Mallory,Baker,33,Angola,Premium,2023-07-11,PC
52,Daniel,Vaughn,48,Haiti,Familiar,2024-04-27,PC
53,Devin,Thompson,56,Jamaica,Familiar,2023-06-03,SmartTV
54,David,Mason,32,Bosnia and Herzegovina,Estudiante,2024-08-24,Tablet
55,Tiffany,Green,42,Philippines,Familiar,2024-08-26,SmartTV
56,Charles,Rasmussen,34,French Polynesia,Estudiante,2023-11-02,PC
57,Jessica,Walker,45,Fiji,Familiar,2023-11-17,PC
58,Edward,Woods,47,Israel,Familiar,2024-06-17,SmartTV
59,Don,Brady,24,Vanuatu,Gratuito,2023-09-06,SmartTV
60,Rebecca,Warner,43,Korea,Premium,2024-08-29,Móvil
61,Shelly,Gonzalez,27,Philippines,Estudiante,2023-07-17,SmartTV
62,Monique,Holt,55,Northern Mariana Islands,Estudiante,2023-11-11,Tablet
63,Rachel,King,54,Saint Pierre and Miquelon,Premium,2024-08-18,SmartTV
64,William,Gillespie,42,Uganda,Estudiante,2024-09-06,SmartTV
65,Jorge,Johnson,36,United States of America,Estudiante,2024-03-17,SmartTV
66,Zachary,Hall,32,Zimbabwe,Familiar,2024-11-16,SmartTV
67,Melissa,Rodriguez,39,Belize,Estudiante,2024-01-03,Móvil
68,Michael,Lopez,19,Montserrat,Familiar,2023-11-13,SmartTV
69,Alicia,Thomas,60,Greenland,Gratuito,2024-01-01,SmartTV
70,Dean,Diaz,34,Venezuela,Estudiante,2023-11-25,SmartTV
71,Joseph,Wise,40,Ecuador,Premium,2024-06-27,SmartTV
72,Mallory,Hernandez,40,Pitcairn Islands,Familiar,2023-04-29,Móvil
73,Larry,Gordon,43,New Zealand,Estudiante,2024-10-28,Tablet
74,Danielle,Lewis,54,Brazil,Premium,2023-05-09,SmartTV
75,Dana,Taylor,54,Seychelles,Familiar,2024-01-27,Móvil
76,Michael,Thomas,18,Comoros,Premium,2024-10-26,SmartTV
77,Marcus,Kirk,23,British Indian Ocean Territory (Chagos Archipelago),Familiar,2024-08-23,SmartTV
78,Patricia,Jackson,54,Central African Republic,Premium,2024-12-02,Móvil
79,Amanda,Powell,45,Antigua and Barbuda,Estudiante,2024-05-04,Móvil
80,Patricia,Nguyen,60,Russian Federation,Gratuito,2023-03-12,Móvil
81,Whitney,Simmons,41,Honduras,Premium,2023-11-14,Tablet
82,Michael,Hayes,60,Malaysia,Premium,2024-08-11,SmartTV
83,Robert,Hernandez,42,Myanmar,Premium,2023-03-04,PC
84,Daniel,Wilson,36,Thailand,Premium,2024-08-07,Tablet
85,Michelle,Santiago,36,Bosnia and Herzegovina,Gratuito,2024-02-01,Tablet
86,Paula,Davis,47,Holy See (Vatican City State),Premium,2024-05-22,Móvil
87,Amanda,Smith,41,Liberia,Gratuito,2024-04-03,Móvil
88,Jared,Williams,34,Lebanon,Gratuito,2023-10-30,SmartTV
89,Gerald,Long,53,Finland,Estudiante,2023-10-05,PC
90,Sarah,Holmes,38,Montserrat,Premium,2023-04-18,Móvil
91,Michele,Browning,27,Vanuatu,Familiar,2024-02-03,SmartTV
92,Dawn,Scott,55,Bermuda,Gratuito,2023-05-19,PC
93,Michele,Salazar,49,Wallis and Futuna,Premium,2023-03-07,Móvil
94,Edward,George,40,Russian Federation,Estudiante,2024-01-17,Tablet
95,Omar,Palmer,54,Jamaica,Gratuito,2023-10-18,Móvil
96,Kyle,Cox,18,Singapore,Familiar,2024-06-10,Móvil
97,Erica,Ortega,48,Barbados,Estudiante,2023-04-10,SmartTV
98,Pamela,Gomez,20,Afghanistan,Premium,2023-06-29,PC
99,Brian,Butler,52,Guatemala,Estudiante,2025-02-11,PC
100,Debbie,Jones,34,Liechtenstein,Familiar,2024-07-03,SmartTV
101,Robert,Williams,48,Tuvalu,Premium,2023-07-08,Móvil
102,Eric,Matthews,49,Cambodia,Familiar,2024-10-24,SmartTV
103,Rachel,Crawford,36,Papua New Guinea,Estudiante,2025-01-07,Tablet
104,Jacob,Gordon,47,Tokelau,Estudiante,2023-11-02,Móvil
105,Curtis,Steele,46,Equatorial Guinea,Familiar,2023-12-23,PC
106,Ashley,Gilbert,48,Estonia,Premium,2025-02-03,PC
107,David,Garcia,44,Niue,Gratuito,2023-06-02,Tablet
108,Christopher,Mclaughlin,57,Germany,Estudiante,2024-09-08,PC
109,Ian,Freeman,50,Congo,Estudiante,2023-04-07,PC
110,Brian,Contreras,58,Cuba,Premium,2024-06-16,PC
111,Caitlin,Johnston,59,Hungary,Familiar,2023-10-02,SmartTV
112,Leslie,Huff,56,Mayotte,Premium,2024-04-18,PC
113,Jade,Harper,53,French Guiana,Familiar,2024-06-19,Móvil
114,Michele,Adkins,20,Panama,Gratuito,2023-12-26,Móvil
115,Jeremy,Rivera,38,Togo,Familiar,2024-09-17,SmartTV
116,Christine,Zamora,20,Paraguay,Familiar,2024-11-10,Tablet
117,John,Daniels,50,Seychelles,Premium,2024-10-14,SmartTV
118,Samantha,Olson,40,Lebanon,Gratuito,2024-01-11,Móvil
119,Alice,Cunningham,25,Saint Kitts and Nevis,Familiar,2024-01-16,Móvil
120,Stephanie,Warren,47,Chile,Gratuito,2024-01-21,Tablet
121,Melissa,Padilla,36,Solomon Islands,Premium,2023-12-30,SmartTV
122,Christopher,Haley,26,Central African Republic,Premium,2023-11-13,SmartTV
123,Jeremy,Saunders,23,Dominica,Premium,2023-07-20,PC
124,Margaret,Gray,33,British Virgin Islands,Gratuito,2025-02-01,Móvil
125,Matthew,Porter,57,Niue,Estudiante,2023-05-10,PC
126,Joshua,Mendez,46,Congo,Familiar,2023-11-29,PC
127,Raymond,Wood,21,Libyan Arab Jamahiriya,Gratuito,2024-09-04,PC
128,Melvin,Powell,43,Kiribati,Premium,2023-09-04,SmartTV
129,Bailey,Franklin,38,Macao,Estudiante,2024-01-14,Móvil
130,Sarah,Banks,27,Malta,Premium,2024-06-13,PC
131,Jason,Schneider,31,Tajikistan,Familiar,2024-07-11,Móvil
132,Debra,Fleming,54,Isle of Man,Familiar,2024-01-12,Tablet
133,Heidi,Shah,60,Ghana,Gratuito,2024-01-07,Móvil
134,Brittany,Escobar,33,Northern Mariana Islands,Gratuito,2023-10-07,PC
135,Jared,Ruiz,49,Zimbabwe,Gratuito,2023-07-06,Tablet
136,Eric,Beck,23,Guadeloupe,Estudiante,2024-10-15,Tablet
137,Rhonda,Kelly,49,Haiti,Gratuito,2025-02-15,Tablet
138,Jason,Lopez,34,Croatia,Premium,2024-04-18,PC
139,Amy,Blackwell,20,Svalbard & Jan Mayen Islands,Familiar,2023-06-24,Móvil
140,Mark,Burgess,55,Luxembourg,Estudiante,2024-07-04,Móvil
141,Edward,Ramirez,59,Barbados,Premium,2023-09-07,SmartTV
142,Nicholas,Rocha,53,Mauritius,Familiar,2024-01-11,SmartTV
143,Phyllis,Ortega,53,Argentina,Estudiante,2024-02-25,PC
144,Shelly,Horton,18,Faroe Islands,Familiar,2023-12-08,PC
145,Frederick,Elliott,48,Thailand,Premium,2024-08-30,SmartTV
146,Timothy,Garcia,56,Nepal,Premium,2023-03-11,Móvil
147,Kristen,Burke,59,Israel,Familiar,2023-04-02,SmartTV
148,Joel,Stevenson,48,Afghanistan,Estudiante,2024-09-29,SmartTV
149,Michelle,May,45,Kiribati,Familiar,2024-08-02,Móvil
150,Christopher,Walker,32,Italy,Familiar,2023-07-02,Tablet
151,David,Hardy,21,Turkmenistan,Premium,2024-03-22,Móvil
152,Alexander,Woodward,37,Nepal,Premium,2024-12-26,PC
153,Roberto,Luna,48,Cape Verde,Familiar,2023-06-07,Móvil
154,Lisa,Herrera,20,Jordan,Familiar,2023-07-03,SmartTV
155,Pamela,Ramos,46,Western Sahara,Premium,2023-12-01,Móvil
156,John,Cooper,23,Albania,Premium,2024-06-24,Móvil
157,Larry,Martinez,42,Thailand,Gratuito,2024-06-27,Móvil
158,James,Wright,19,Dominican Republic,Gratuito,2024-11-28,Móvil
159,Angela,Barton,21,Uruguay,Familiar,2023-09-08,SmartTV
160,Vincent,Johnson,35,Tunisia,Gratuito,2023-07-22,Móvil
161,Wendy,Simmons,58,Kuwait,Familiar,2023-09-06,Móvil
162,Brittany,Lewis,57,Zimbabwe,Gratuito,2023-04-10,SmartTV
163,Lisa,Martin,59,Turkey,Familiar,2023-04-20,PC
164,Keith,Freeman,18,Gibraltar,Gratuito,2024-06-30,PC
165,Carol,Carter,35,Rwanda,Premium,2024-02-25,SmartTV
166,Brandon,Patel,51,Denmark,Estudiante,2023-04-20,PC
167,Zachary,Ray,26,Bolivia,Estudiante,2024-12-20,SmartTV
168,Debbie,Ruiz,54,Saint Pierre and Miquelon,Premium,2023-12-19,PC
169,Crystal,Smith,25,Slovakia (Slovak Republic),Premium,2024-06-26,SmartTV
170,Kathleen,Skinner,38,Marshall Islands,Familiar,2025-01-14,SmartTV
171,Robert,Patterson,23,Greece,Estudiante,2024-02-15,SmartTV
172,Amanda,Jordan,56,Chile,Gratuito,2024-08-14,SmartTV
173,Leslie,Garcia,35,Albania,Gratuito,2023-03-07,Móvil
174,David,Morrison,43,Grenada,Estudiante,2024-03-13,PC
175,Matthew,Hull,27,Ghana,Estudiante,2024-03-24,Móvil
176,Frances,Thornton,24,Syrian Arab Republic,Estudiante,2024-05-29,Móvil
177,Mary,Maxwell,53,French Southern Territories,Gratuito,2023-03-16,PC
178,Tyler,Grant,53,Senegal,Premium,2024-11-17,SmartTV
179,Sharon,Bell,25,Reunion,Gratuito,2023-07-15,Tablet
180,Ronald,Dunn,47,France,Gratuito,2024-10-22,Tablet
181,Douglas,Burke,59,Wallis and Futuna,Familiar,2024-11-18,Móvil
182,Tina,Santiago,34,Burundi,Gratuito,2023-03-12,Tablet
183,Donald,Vance,27,Senegal,Gratuito,2024-05-14,Tablet
184,Kenneth,Braun,40,Haiti,Familiar,2024-05-07,Móvil
185,Joseph,Kennedy,42,Germany,Estudiante,2023-03-14,Móvil
186,Autumn,Molina,33,Syrian Arab Republic,Estudiante,2024-12-18,SmartTV
187,Brenda,Hall,58,Pakistan,Estudiante,2024-03-16,PC
188,Billy,Chapman,42,Jersey,Familiar,2023-04-15,Tablet
189,Gary,Beard,22,South Georgia and the South Sandwich Islands,Premium,2025-02-25,PC
190,Rodney,Anderson,52,Turkey,Familiar,2024-05-07,Móvil
191,Tracy,Curry,39,Moldova,Estudiante,2023-10-31,Tablet
192,Scott,Aguilar,50,Turks and Caicos Islands,Gratuito,2024-07-26,Tablet
193,Raymond,Sherman,57,Singapore,Gratuito,2024-07-15,PC
194,Robin,Harvey,44,Israel,Gratuito,2024-09-27,SmartTV
195,Evelyn,Turner,25,Bahamas,Premium,2023-12-28,Móvil
196,Holly,Watson,55,Lao People's Democratic Republic,Familiar,2024-12-29,PC
197,Rachel,Moran,46,Seychelles,Premium,2023-06-27,PC
198,Shannon,Harmon,58,Uganda,Familiar,2024-02-09,Tablet
199,Jared,Smith,19,South Africa,Premium,2023-10-21,PC
200,James,Sanchez,48,Lao People's Democratic Republic,Premium,2023-10-10,SmartTV
201,Linda,Ortega,34,Christmas Island,Premium,2024-10-21,Móvil
202,Jennifer,Nguyen,18,Central African Republic,Estudiante,2023-11-17,PC
203,Alexandra,Solomon,25,Cayman Islands,Estudiante,2023-10-06,PC
204,Joan,Pitts,58,Niue,Gratuito,2024-02-07,Móvil
205,Margaret,Byrd,42,Czech Republic,Familiar,2023-10-07,Tablet
206,Sheri,Chambers,47,Mali,Gratuito,2023-10-18,PC
207,Michael,Smith,45,Kyrgyz Republic,Estudiante,2023-12-29,PC
208,Jonathan,Martin,44,American Samoa,Premium,2024-02-24,PC
209,Alyssa,Wong,33,Portugal,Premium,2023-08-16,SmartTV
210,Julie,Stanley,42,Morocco,Familiar,2023-06-20,PC
211,Michael,Gonzales,39,Fiji,Gratuito,2023-03-14,SmartTV
212,Alex,Tucker,30,Jordan,Premium,2025-01-13,Móvil
213,Miranda,Johnson,20,Isle of Man,Premium,2024-03-29,SmartTV
214,Nicole,Johnson,56,Antigua and Barbuda,Estudiante,2024-10-05,Tablet
215,Angela,Jones,46,Korea,Estudiante,2024-10-27,PC
216,Helen,Pitts,41,Anguilla,Premium,2024-07-03,Móvil
217,Gina,Howard,24,Turkey,Premium,2024-10-03,Móvil
218,Alyssa,Nicholson,30,Congo,Premium,2023-03-08,Tablet
219,Robert,Miller,27,Hong Kong,Premium,2023-11-12,PC
220,Anna,Dickson,21,Bangladesh,Familiar,2025-02-14,PC
221,James,Boyd,56,Latvia,Familiar,2023-04-03,Móvil
222,Brent,Lewis,33,Serbia,Estudiante,2024-04-01,Móvil
223,Jared,Smith,25,Thailand,Gratuito,2024-12-18,Tablet
224,Deanna,Fuller,29,Ireland,Familiar,2023-05-14,Tablet
225,Maria,Hayes,27,Malawi,Gratuito,2023-07-11,Móvil
226,Ronald,Fernandez,48,Bulgaria,Premium,2024-05-08,SmartTV
227,Samuel,Green,27,Sao Tome and Principe,Gratuito,2024-12-28,SmartTV
228,Tyler,Mitchell,48,Bhutan,Gratuito,2023-07-16,Móvil
229,Eric,Lynch,25,Slovenia,Estudiante,2024-06-23,Móvil
230,Julie,Green,32,Seychelles,Premium,2023-05-13,SmartTV
231,Michelle,Guerrero,43,Italy,Premium,2024-04-18,Móvil
232,Phillip,Brown,25,Japan,Familiar,2023-11-21,SmartTV
233,Michelle,Massey,49,Norway,Premium,2024-04-06,Tablet
234,Ian,Sullivan,29,Belarus,Gratuito,2024-01-24,SmartTV
235,Jonathan,Potts,57,Bosnia and Herzegovina,Gratuito,2024-08-06,PC
236,Ashlee,Lopez,28,Malawi,Familiar,2024-01-17,PC
237,Michael,Davis,47,Timor-Leste,Gratuito,2023-08-01,SmartTV
238,Larry,Cordova,29,Jersey,Familiar,2025-02-09,Móvil
239,Andrew,Bryant,53,Antigua and Barbuda,Gratuito,2023-08-10,Móvil
240,David,Sullivan,27,Gibraltar,Gratuito,2023-12-25,Móvil
241,Nicolas,Rubio,50,Nauru,Premium,2024-08-08,SmartTV
242,Brandy,Moore,20,Zambia,Familiar,2024-02-11,Tablet
243,Bethany,Adams,51,Colombia,Estudiante,2023-12-09,Móvil
244,Rose,Davidson,26,Thailand,Gratuito,2023-12-14,PC
245,Michelle,Garcia,29,United Kingdom,Estudiante,2024-04-14,SmartTV
246,Haley,Wright,56,Norway,Estudiante,2023-05-16,Móvil
247,Nicholas,Wright,36,Colombia,Premium,2024-07-22,SmartTV
248,Scott,Larson,60,Jordan,Familiar,2024-07-06,Tablet
249,Terry,Johnston,43,Iceland,Premium,2025-01-25,Móvil
250,Thomas,Turner,28,Bangladesh,Premium,2024-01-17,Móvil
251,Kathryn,Cisneros,28,Gabon,Familiar,2023-08-31,Móvil
252,Mark,Johnson,35,Malta,Premium,2024-01-26,SmartTV
253,Jason,Cross,29,Congo,Familiar,2024-06-20,PC
254,Donald,Shannon,42,Eritrea,Gratuito,2024-12-22,Móvil
255,Brian,Hawkins,19,Honduras,Familiar,2024-11-25,PC
256,Christopher,Harris,23,Indonesia,Familiar,2023-03-16,PC
257,Julie,Duran,60,Martinique,Estudiante,2023-09-30,PC
258,William,Butler,22,Slovenia,Gratuito,2023-11-10,Tablet
259,Mark,Moore,29,Finland,Estudiante,2023-10-22,PC
260,Marissa,Baldwin,48,Panama,Premium,2024-10-13,Tablet
261,Darlene,Martinez,39,British Indian Ocean Territory (Chagos Archipelago),Premium,2024-01-07,SmartTV
262,John,Smith,30,Burundi,Estudiante,2025-01-04,Móvil
263,Jennifer,Garcia,54,India,Premium,2024-10-22,SmartTV
264,Donna,Watts,39,Belgium,Premium,2023-03-11,Móvil
265,Michael,Burnett,31,American Samoa,Premium,2024-07-26,PC
266,Matthew,Thomas,36,Saint Kitts and Nevis,Gratuito,2023-06-04,Tablet
267,Albert,Huffman,29,Holy See (Vatican City State),Familiar,2023-04-13,Tablet
268,Johnny,Zuniga,27,Congo,Estudiante,2024-01-28,PC
269,Jeffrey,James,27,Martinique,Familiar,2023-08-30,SmartTV
270,Jonathan,Price,34,Finland,Familiar,2025-02-01,Móvil
271,Theresa,Smith,54,Tuvalu,Gratuito,2023-12-11,Móvil
272,Sara,Strong,27,Panama,Estudiante,2024-04-23,Móvil
273,Donald,Hall,21,Antarctica (the territory South of 60 deg S),Gratuito,2024-11-30,Móvil
274,Karen,Swanson,48,Christmas Island,Familiar,2024-01-17,SmartTV
275,Grant,Cruz,43,British Virgin Islands,Premium,2024-03-19,SmartTV
276,Kyle,Gomez,28,Sierra Leone,Familiar,2023-12-10,Tablet
277,Shawn,Newman,30,Bahamas,Premium,2024-06-18,Móvil
278,Cynthia,Brady,24,Pitcairn Islands,Gratuito,2024-11-17,Tablet
279,Anita,Hughes,37,Lesotho,Gratuito,2024-12-31,SmartTV
280,Brian,Garcia,56,Afghanistan,Estudiante,2024-05-22,PC
281,Jacob,West,55,Algeria,Familiar,2024-05-11,PC
282,Brett,Sullivan,25,Colombia,Familiar,2024-04-18,SmartTV
283,Hector,Saunders,39,Sri Lanka,Familiar,2024-03-04,Tablet
284,Jennifer,Schmidt,45,Tanzania,Premium,2024-06-21,Tablet
285,Claudia,Cook,45,Heard Island and McDonald Islands,Premium,2024-06-17,SmartTV
286,Mary,Garcia,18,Cuba,Familiar,2024-02-17,Tablet
287,David,Davis,36,Somalia,Familiar,2024-06-01,Móvil
288,Laura,Brown,37,Poland,Estudiante,2025-02-05,Tablet
289,Stephen,Kim,43,Norway,Familiar,2024-12-03,Tablet
290,Tony,Kennedy,60,Micronesia,Estudiante,2024-11-02,Móvil
291,Heather,Stephens,25,Brunei Darussalam,Familiar,2023-05-11,SmartTV
292,Christopher,Roberts,57,United States Minor Outlying Islands,Gratuito,2023-07-01,Móvil
293,Rebecca,Miller,42,Honduras,Familiar,2024-06-27,SmartTV
294,Rebecca,Moore,45,Hong Kong,Familiar,2024-08-19,Tablet
295,Amber,Garcia,57,Libyan Arab Jamahiriya,Estudiante,2023-09-08,PC
296,Anthony,Gonzalez,29,Northern Mariana Islands,Estudiante,2024-06-19,SmartTV
297,Daniel,Moore,39,Namibia,Gratuito,2023-07-21,Tablet
298,Jennifer,Rodriguez,47,Ghana,Estudiante,2023-04-03,Móvil
299,Fernando,Grimes,50,Saint Pierre and Miquelon,Gratuito,2024-01-08,Móvil
300,Tammy,Choi,40,American Samoa,Familiar,2023-10-15,SmartTV
301,Jamie,Brown,55,Portugal,Familiar,2024-09-14,SmartTV
302,Harold,Colon,52,Guernsey,Gratuito,2023-12-25,SmartTV
303,David,Walker,53,Korea,Familiar,2024-11-01,SmartTV
304,Priscilla,Hansen,43,Netherlands Antilles,Premium,2023-09-21,Móvil
305,Arthur,Brown,42,United Kingdom,Gratuito,2025-02-16,Móvil
306,Steven,King,28,Slovakia (Slovak Republic),Gratuito,2024-09-05,Tablet
307,Katie,Stephenson,39,Romania,Premium,2023-12-18,SmartTV
308,Roger,Charles,58,Indonesia,Gratuito,2023-07-09,Móvil
309,George,Flores,41,Angola,Familiar,2024-01-04,SmartTV
310,Jesus,Baker,60,Haiti,Gratuito,2023-03-25,Tablet
311,Amy,Vincent,49,Algeria,Gratuito,2024-01-05,Tablet
312,Patricia,Miller,41,Kiribati,Familiar,2023-10-21,PC
313,Stephen,Allen,34,Guam,Gratuito,2023-04-06,SmartTV
314,Jennifer,Mills,20,Ghana,Familiar,2024-05-12,Tablet
315,Austin,White,55,Guatemala,Familiar,2024-02-18,Tablet
316,Craig,Cook,43,Philippines,Estudiante,2024-01-31,Tablet
317,Michael,Fitzpatrick,30,Montserrat,Estudiante,2024-12-12,PC
318,John,Johnson,41,Jersey,Estudiante,2024-05-14,Móvil
319,David,Chen,43,Nauru,Premium,2024-04-25,SmartTV
320,Anna,Sellers,47,Vanuatu,Premium,2023-11-14,PC
321,Brittany,Garcia,28,South Africa,Premium,2025-02-16,Tablet
322,Darren,Lee,31,Venezuela,Gratuito,2023-05-05,PC
323,Austin,Carter,31,Bhutan,Gratuito,2025-01-12,Tablet
324,Raymond,Hall,34,Tunisia,Premium,2023-07-14,SmartTV
325,Loretta,Daugherty,47,New Zealand,Gratuito,2023-05-14,PC
326,Rhonda,Mccoy,46,Guinea-Bissau,Gratuito,2025-02-02,PC
327,David,Powell,53,Guyana,Premium,2024-08-28,PC
328,Mark,Lee,19,Tonga,Familiar,2023-04-17,Móvil
329,Robert,Gonzalez,37,Ukraine,Familiar,2025-01-28,Tablet
330,Mitchell,Lopez,46,Comoros,Gratuito,2024-11-16,PC
331,Robert,Myers,55,Antarctica (the territory South of 60 deg S),Estudiante,2023-08-27,PC
332,Michael,Taylor,51,Nepal,Familiar,2023-09-30,PC
333,Hannah,Vargas,25,Israel,Gratuito,2024-03-03,Tablet
334,Robert,Dalton,60,Botswana,Familiar,2023-05-23,SmartTV
335,Susan,Jackson,32,Eritrea,Estudiante,2024-03-02,Tablet
336,Juan,Clay,40,Vanuatu,Estudiante,2023-05-11,Tablet
337,James,Campbell,26,Nigeria,Gratuito,2023-03-25,SmartTV
338,Joshua,Palmer,26,Kenya,Familiar,2023-05-31,PC
339,Kent,Kirby,20,Gambia,Estudiante,2023-11-20,PC
340,Jennifer,Taylor,57,South Georgia and the South Sandwich Islands,Familiar,2023-10-11,PC
341,Christopher,Haas,37,Tuvalu,Familiar,2023-09-17,Tablet
342,Alex,Sutton,54,Antarctica (the territory South of 60 deg S),Familiar,2023-08-23,Tablet
343,Nathan,Ellis,46,Vietnam,Premium,2024-05-22,PC
344,Nicole,Mcdaniel,57,Turks and Caicos Islands,Gratuito,2023-09-06,Tablet
345,Matthew,Russo,45,Zimbabwe,Familiar,2024-11-03,PC
346,Timothy,Beck,60,Latvia,Estudiante,2024-08-11,SmartTV
347,Joseph,Bowers,57,Belgium,Gratuito,2023-09-06,SmartTV
348,Jonathan,Miller,22,Lebanon,Familiar,2024-09-16,Móvil
349,Stephen,Beard,52,Jordan,Gratuito,2023-10-17,Tablet
350,Paul,Sawyer,41,Macedonia,Gratuito,2024-09-09,Tablet
351,George,Martinez,31,Bulgaria,Familiar,2024-12-14,SmartTV
352,Tina,Henderson,25,Germany,Familiar,2023-12-28,Móvil
353,Scott,Flowers,58,Morocco,Premium,2024-12-16,Tablet
354,Jessica,Conner,47,Aruba,Estudiante,2024-01-22,SmartTV
355,Maria,Williamson,46,Nigeria,Familiar,2023-08-01,Móvil
356,James,Evans,47,Ghana,Estudiante,2024-08-12,SmartTV
357,Ashley,Vaughan,35,Cayman Islands,Familiar,2023-12-26,PC
358,Jay,Hernandez,43,Turkey,Familiar,2024-11-22,SmartTV
359,Robert,Miller,39,New Caledonia,Estudiante,2023-09-18,PC
360,Ronnie,Richardson,53,Costa Rica,Gratuito,2023-06-22,SmartTV
361,Crystal,Wise,27,Aruba,Estudiante,2023-08-31,Móvil
362,Jeffrey,Miller,28,Mauritius,Familiar,2023-05-06,Tablet
363,Regina,Baker,37,South Georgia and the South Sandwich Islands,Premium,2024-08-05,Tablet
364,Tammy,Bradley,18,San Marino,Familiar,2024-01-23,PC
365,Luis,Poole,35,India,Familiar,2024-08-20,SmartTV
366,Alexis,Hill,38,Malawi,Premium,2023-03-13,PC
367,Tina,Stewart,42,Macao,Estudiante,2024-09-06,Móvil
368,Luis,Fuller,26,Costa Rica,Estudiante,2023-09-23,SmartTV
369,Melinda,Mann,56,Iran,Estudiante,2023-07-05,SmartTV
370,Jason,Willis,42,Burundi,Estudiante,2024-05-09,PC
371,William,George,23,Portugal,Premium,2024-12-22,PC
372,Nathan,Odom,22,Chad,Gratuito,2023-12-04,Tablet
373,Brandi,Perez,54,Niger,Estudiante,2024-03-27,Móvil
374,Justin,Smith,27,Rwanda,Familiar,2023-07-16,SmartTV
375,Yvonne,Simpson,54,Saint Kitts and Nevis,Premium,2023-03-06,PC
376,Karen,Nelson,26,Reunion,Familiar,2024-01-16,Tablet
377,Sabrina,Colon,34,Tuvalu,Gratuito,2023-04-03,PC
378,Katie,Dudley,25,Cuba,Familiar,2024-05-10,Tablet
379,James,Kidd,45,Cameroon,Estudiante,2024-03-25,SmartTV
380,Rebecca,Harvey,36,Guinea-Bissau,Gratuito,2024-05-07,Móvil
381,Brent,Taylor,58,Bermuda,Gratuito,2024-09-09,Tablet
382,Derrick,Vaughn,57,Austria,Familiar,2023-05-24,PC
383,Ryan,Martinez,55,Armenia,Familiar,2023-04-08,Tablet
384,John,Schaefer,31,Saint Barthelemy,Estudiante,2023-08-18,Tablet
385,Anne,Alvarado,50,Georgia,Estudiante,2023-04-09,Móvil
386,Cynthia,Cooper,37,Oman,Gratuito,2023-05-14,Tablet
387,Brenda,Woods,31,Belarus,Gratuito,2024-08-01,Móvil
388,Dustin,Parker,32,Nigeria,Familiar,2024-08-11,Tablet
389,Elizabeth,Mcgee,26,Monaco,Familiar,2024-11-28,PC
390,Anthony,Chen,57,Vanuatu,Estudiante,2024-07-26,SmartTV
391,William,Turner,19,South Africa,Familiar,2024-12-18,Móvil
392,Stephen,James,42,Spain,Familiar,2024-08-02,Tablet
393,Blake,Jordan,54,Burkina Faso,Familiar,2025-02-18,PC
394,Jesse,Pratt,40,Venezuela,Estudiante,2023-11-20,Tablet
395,Troy,Lloyd,58,Korea,Premium,2024-02-04,Móvil
396,Crystal,Hoover,54,Faroe Islands,Gratuito,2024-04-06,Móvil
397,Amanda,Carter,59,Denmark,Premium,2024-02-06,Móvil
398,Bryan,Robinson,37,Greece,Premium,2023-04-27,PC
399,Jessica,Brown,32,Costa Rica,Familiar,2023-09-03,Tablet
400,Thomas,Green,31,Brazil,Gratuito,2024-02-02,PC
401,Thomas,French,34,Lao People's Democratic Republic,Gratuito,2024-12-25,SmartTV
402,Paula,Morales,22,Tunisia,Gratuito,2023-03-15,Tablet
403,Kathy,Weaver,53,Cocos (Keeling) Islands,Estudiante,2023-05-04,Móvil
404,Martin,Tanner,39,Kyrgyz Republic,Estudiante,2024-12-25,PC
405,Kimberly,Mckenzie,32,Malawi,Estudiante,2023-09-15,SmartTV
406,Lisa,Mckenzie,35,Guam,Familiar,2023-03-26,PC
407,Darren,Henderson,44,Swaziland,Familiar,2025-01-12,SmartTV
408,Travis,Brooks,30,Uruguay,Estudiante,2024-01-30,Tablet
409,John,Carr,27,Mexico,Gratuito,2024-08-28,Tablet
410,Anthony,Huynh,43,Marshall Islands,Familiar,2024-09-08,Tablet
411,Alec,Mcdonald,43,Botswana,Premium,2023-05-30,Móvil
412,James,Hoffman,36,Lithuania,Gratuito,2023-03-22,Tablet
413,Ryan,Baker,34,Saint Kitts and Nevis,Premium,2024-06-22,SmartTV
414,Amanda,Robinson,31,Liberia,Gratuito,2024-01-14,SmartTV
415,Kimberly,Huerta,40,Saint Helena,Gratuito,2023-12-17,Tablet
416,Ian,Hall,46,Saint Vincent and the Grenadines,Estudiante,2023-10-30,PC
417,Tiffany,Hernandez,27,Eritrea,Estudiante,2024-07-02,Móvil
418,Julia,Frost,35,Grenada,Gratuito,2024-01-31,Tablet
419,Tammy,Jordan,38,Marshall Islands,Familiar,2025-02-15,Móvil
420,Heather,Walker,43,Antarctica (the territory South of 60 deg S),Estudiante,2024-11-04,Móvil
421,Scott,Vaughan,24,Romania,Gratuito,2023-12-11,SmartTV
422,Danielle,Khan,43,Uganda,Gratuito,2024-06-12,SmartTV
423,Randy,Williams,27,Isle of Man,Estudiante,2023-05-17,Tablet
424,Kevin,Daniels,30,Falkland Islands (Malvinas),Estudiante,2023-05-12,Tablet
425,Daniel,Hernandez,38,Algeria,Gratuito,2023-08-29,Móvil
426,Austin,Cole,50,Latvia,Premium,2024-01-05,SmartTV
427,Erin,Lucas,58,Jersey,Estudiante,2023-10-15,PC
428,Dorothy,Hawkins,45,Sri Lanka,Premium,2023-11-12,SmartTV
429,Terri,Allison,53,Angola,Premium,2024-10-29,SmartTV
430,Emily,Weeks,32,Martinique,Gratuito,2025-01-03,Móvil
431,Martha,Kim,36,Mali,Premium,2023-06-18,PC
432,Gabriel,Williams,40,Kazakhstan,Familiar,2024-03-23,PC
433,Amber,Hebert,18,Spain,Familiar,2023-07-14,Móvil
434,Kyle,Dennis,22,Lesotho,Gratuito,2024-11-01,Móvil
435,David,Castaneda,20,Belarus,Premium,2024-02-11,SmartTV
436,William,Rodriguez,19,Ecuador,Premium,2023-06-17,PC
437,Brenda,Perkins,56,Rwanda,Gratuito,2024-05-29,PC
438,Sarah,Underwood,35,Vanuatu,Estudiante,2024-08-24,Tablet
439,Emily,Moon,47,Saint Helena,Premium,2024-07-18,Móvil
440,Mark,Brown,53,Netherlands Antilles,Gratuito,2023-12-30,Tablet
441,Leonard,Mays,36,Isle of Man,Familiar,2024-04-10,Móvil
442,Susan,Baker,28,Mongolia,Premium,2024-05-12,Tablet
443,Ashley,Lawson,52,Lao People's Democratic Republic,Gratuito,2024-09-16,Móvil
444,Michael,Gonzalez,29,Yemen,Gratuito,2023-03-10,SmartTV
445,Sarah,Rodriguez,57,Bolivia,Familiar,2023-04-23,Móvil
446,Joshua,Nelson,21,Serbia,Familiar,2024-04-15,Tablet
447,Stephanie,Mckinney,39,Marshall Islands,Gratuito,2024-06-28,Tablet
448,Kim,Nolan,30,Grenada,Familiar,2025-02-15,Móvil
449,William,Hardin,49,Saint Martin,Premium,2025-02-23,PC
450,Rachel,Richardson,57,Turkmenistan,Familiar,2024-02-22,SmartTV
451,Jessica,Wallace,31,United States of America,Premium,2024-06-04,PC
452,Charlotte,Gallagher,36,Faroe Islands,Gratuito,2023-09-28,PC
453,Michael,Tate,28,Mozambique,Familiar,2024-11-06,Móvil
454,Kyle,Santiago,22,Saint Pierre and Miquelon,Premium,2023-08-25,Tablet
455,Ellen,Barrera,34,Nigeria,Premium,2024-10-08,SmartTV
456,Charles,Jacobs,28,Hungary,Gratuito,2024-05-02,Tablet
457,Derrick,Simpson,47,Burkina Faso,Estudiante,2023-12-30,Tablet
458,Kelly,Chandler,30,Monaco,Premium,2023-10-22,Tablet
459,Nathan,Oliver,48,Korea,Estudiante,2023-02-28,PC
460,Jessica,Reed,34,Turkmenistan,Premium,2023-07-01,Móvil
461,Juan,Contreras,60,Belize,Premium,2023-05-08,Móvil
462,Lee,Trevino,22,Palestinian Territory,Familiar,2024-12-11,SmartTV
463,Elaine,Mckay,55,Bulgaria,Gratuito,2024-02-18,PC
464,Jacob,Johnson,25,Northern Mariana Islands,Estudiante,2023-12-05,Móvil
465,Anita,Fisher,58,Philippines,Gratuito,2024-06-23,PC
466,Justin,Phillips,29,Comoros,Premium,2023-08-11,SmartTV
467,James,Lee,18,Netherlands Antilles,Gratuito,2023-05-22,Tablet
468,Michael,Flowers,22,Wallis and Futuna,Premium,2025-01-30,Móvil
469,Curtis,Jackson,34,Dominica,Familiar,2024-08-01,Tablet
470,Anita,Liu,18,Norway,Estudiante,2023-07-02,PC
471,Alicia,Higgins,57,Ireland,Gratuito,2024-11-21,Móvil
472,Ashley,Brooks,42,Bhutan,Estudiante,2024-01-28,Móvil
473,Caroline,Moore,44,Brazil,Estudiante,2023-06-08,Tablet
474,Joy,Pruitt,42,Japan,Premium,2024-12-14,Tablet
475,Tammy,Ray,36,Afghanistan,Premium,2025-02-03,Tablet
476,Scott,Hobbs,21,Ecuador,Gratuito,2024-12-26,Tablet
477,Elizabeth,Hill,43,Egypt,Familiar,2023-07-09,SmartTV
478,James,Mahoney,21,Yemen,Estudiante,2023-07-23,Tablet
479,Joseph,Taylor,21,Australia,Gratuito,2025-01-27,Móvil
480,Richard,Taylor,52,Netherlands Antilles,Familiar,2024-07-07,Tablet
481,Alyssa,Miller,52,Brunei Darussalam,Premium,2023-05-15,Móvil
482,Devon,Sweeney,36,Turkmenistan,Premium,2023-11-18,Tablet
483,Sarah,Randall,35,Tokelau,Premium,2024-08-14,PC
484,Kayla,Richardson,59,Chile,Estudiante,2023-07-27,PC
485,Heather,Hamilton,43,Sao Tome and Principe,Gratuito,2024-12-10,SmartTV
486,Nathaniel,Jones,35,Hungary,Estudiante,2023-04-29,Móvil
487,Adam,Rivera,28,Gabon,Familiar,2024-06-04,Tablet
488,Shaun,Thompson,29,Guadeloupe,Familiar,2024-06-03,Tablet
489,Mark,Williams,35,Bouvet Island (Bouvetoya),Gratuito,2023-07-11,SmartTV
490,Paul,Hoover,28,Anguilla,Familiar,2025-02-16,PC
491,Robert,Porter,19,Slovakia (Slovak Republic),Gratuito,2023-04-17,Móvil
492,Benjamin,Coleman,49,Namibia,Premium,2023-05-10,PC
493,Donald,White,44,Solomon Islands,Gratuito,2023-11-10,SmartTV
494,Rodney,Craig,45,Kyrgyz Republic,Gratuito,2024-01-21,PC
495,Evan,Eaton,23,Burundi,Premium,2025-02-02,Móvil
496,Melinda,English,18,Uganda,Premium,2025-01-13,SmartTV
497,Robert,Mendez,18,British Indian Ocean Territory (Chagos Archipelago),Familiar,2023-06-20,SmartTV
498,Charles,Walker,49,Cocos (Keeling) Islands,Premium,2023-05-17,Móvil
499,Andrew,Ward,21,United States of America,Gratuito,2024-08-23,Tablet
500,Gregory,Smith,19,Solomon Islands,Familiar,2023-06-29,Tablet
501,Benjamin,Butler,47,Macedonia,Estudiante,2025-01-10,Móvil
502,Timothy,Hamilton,49,Oman,Gratuito,2023-05-13,PC
503,Paul,Delgado,32,Equatorial Guinea,Familiar,2023-12-11,SmartTV
504,Eric,Anderson,35,Georgia,Familiar,2023-10-25,PC
505,Joshua,Zavala,56,Bhutan,Gratuito,2024-08-02,PC
506,Dylan,Evans,22,Montenegro,Gratuito,2025-01-30,SmartTV
507,Madison,Perez,58,United States of America,Premium,2024-09-25,PC
508,Theodore,Jefferson,35,Christmas Island,Gratuito,2023-12-10,Móvil
509,Keith,Ward,60,Dominican Republic,Premium,2023-07-07,Tablet
510,Cheryl,Smith,19,Montserrat,Gratuito,2023-04-07,Móvil
511,Rhonda,Nguyen,38,Vanuatu,Premium,2024-05-07,PC
512,Christie,Callahan,19,Djibouti,Gratuito,2023-06-03,Tablet
513,Abigail,Greene,33,Syrian Arab Republic,Premium,2024-06-03,Tablet
514,Katherine,Daniels,36,Lebanon,Estudiante,2023-10-04,Móvil
515,Sarah,Smith,24,Botswana,Gratuito,2024-12-22,PC
516,David,Mitchell,50,Sierra Leone,Estudiante,2023-10-04,Tablet
517,Randy,Sheppard,39,Monaco,Gratuito,2023-09-30,SmartTV
518,Michael,Wiggins,20,Nigeria,Gratuito,2023-05-20,PC
519,Kayla,Flores,42,Finland,Gratuito,2023-07-26,SmartTV
520,Jamie,Martinez,49,Marshall Islands,Familiar,2023-03-28,Tablet
521,Amber,Strong,24,Indonesia,Familiar,2023-06-09,Tablet
522,Richard,Smith,44,Guyana,Familiar,2023-10-21,Móvil
523,Bryan,Brown,53,Turks and Caicos Islands,Familiar,2024-02-15,Tablet
524,Michael,Peters,45,Slovakia (Slovak Republic),Gratuito,2024-06-21,PC
525,Tyler,Novak,33,Algeria,Estudiante,2024-03-19,SmartTV
526,Maria,Allen,28,Oman,Premium,2024-09-07,SmartTV
527,Vincent,Coleman,57,Fiji,Premium,2024-01-15,Tablet
528,Annette,Hutchinson,41,Norfolk Island,Familiar,2023-06-01,Móvil
529,Kimberly,Ramos,18,Netherlands,Familiar,2023-10-22,Móvil
530,Samuel,Ward,36,Bahamas,Familiar,2024-02-27,SmartTV
531,Karen,Torres,31,Sierra Leone,Gratuito,2023-07-22,PC
532,Stephanie,Russell,33,Malaysia,Familiar,2023-10-30,Tablet
533,Christopher,York,56,Pakistan,Estudiante,2023-12-28,SmartTV
534,Kurt,Miller,33,Tanzania,Gratuito,2024-01-07,Móvil
535,Kristen,Torres,55,Niue,Familiar,2024-02-20,Móvil
536,Gabrielle,Smith,40,Burundi,Premium,2023-10-23,SmartTV
537,Timothy,Gonzalez,39,Australia,Estudiante,2023-04-04,Tablet
538,Justin,Boyer,22,Lithuania,Gratuito,2023-10-02,Tablet
539,Maurice,Ball,32,Tokelau,Familiar,2024-05-14,Tablet
540,Andrea,Cooke,28,Indonesia,Premium,2023-09-17,Móvil
541,Shelby,Chavez,37,Chile,Estudiante,2024-07-17,PC
542,Caleb,Jensen,53,Suriname,Premium,2023-04-14,Móvil
543,Michael,Jones,19,Oman,Gratuito,2023-08-06,PC
544,Nicholas,King,60,Armenia,Gratuito,2024-05-05,Tablet
545,Heather,Rodriguez,56,Taiwan,Premium,2024-04-09,PC
546,Meghan,Taylor,29,Georgia,Premium,2024-11-21,SmartTV
547,Tricia,Clark,42,Angola,Familiar,2023-08-07,PC
548,Richard,Webb,55,Algeria,Estudiante,2023-02-28,SmartTV
549,Autumn,Hubbard,29,Greece,Estudiante,2024-11-26,Tablet
550,William,Garrett,44,Turkmenistan,Premium,2024-04-30,PC
551,Mitchell,Leon,28,Spain,Premium,2024-01-05,PC
552,Andrew,Harris,43,Sri Lanka,Estudiante,2024-11-03,Móvil
553,David,Cruz,42,Kenya,Gratuito,2025-01-31,SmartTV
554,Rachel,Johns,31,Netherlands,Estudiante,2024-12-24,Móvil
555,Lindsay,Thompson,46,French Southern Territories,Estudiante,2023-06-25,Móvil
556,Cindy,Cox,48,Germany,Gratuito,2024-05-30,Tablet
557,Troy,Rogers,25,Mauritius,Familiar,2024-10-03,Móvil
558,Mathew,Bell,24,Congo,Estudiante,2025-02-22,Tablet
559,Anthony,Ramos,36,Australia,Premium,2023-11-16,SmartTV
560,Nicholas,Miller,22,American Samoa,Estudiante,2024-01-30,SmartTV
561,Gary,Meza,46,Equatorial Guinea,Gratuito,2024-02-19,SmartTV
562,Martha,Wilson,18,Thailand,Familiar,2024-06-27,Tablet
563,Kristie,Thomas,23,Guatemala,Gratuito,2024-03-06,SmartTV
564,Renee,Lopez,38,United States of America,Familiar,2024-12-06,Móvil
565,Dennis,Grimes,46,Cape Verde,Premium,2023-10-28,PC
566,Angelica,Vasquez,22,Seychelles,Familiar,2023-10-07,Móvil
567,Madeline,Allen,58,Azerbaijan,Estudiante,2023-10-26,Móvil
568,James,Harrison,51,Albania,Familiar,2023-09-16,PC
569,Joe,Mcneil,24,Nicaragua,Familiar,2023-07-02,SmartTV
570,Lawrence,Warren,40,Serbia,Gratuito,2023-08-22,Móvil
571,Kristin,Hayes,24,Saint Helena,Gratuito,2024-01-25,Móvil
572,Margaret,Cox,41,Congo,Familiar,2024-09-15,SmartTV
573,Jamie,Summers,30,Aruba,Familiar,2024-03-31,Móvil
574,Kelsey,Torres,47,Germany,Estudiante,2024-03-25,SmartTV
575,Samuel,Stephens,59,Taiwan,Premium,2023-11-12,SmartTV
576,Jeffrey,Douglas,43,Angola,Premium,2024-11-16,Móvil
577,Erik,Rodriguez,55,Georgia,Gratuito,2023-10-13,SmartTV
578,Sabrina,Norris,29,Guinea-Bissau,Premium,2023-07-03,PC
579,Jennifer,Wallace,29,Fiji,Premium,2024-08-01,Móvil
580,Antonio,Bailey,21,Vietnam,Familiar,2024-08-29,Tablet
581,Bonnie,Singleton,36,Malaysia,Estudiante,2023-08-20,Tablet
582,Kimberly,Hester,42,Morocco,Estudiante,2024-11-30,PC
583,Maria,Arnold,24,Christmas Island,Estudiante,2023-09-09,Tablet
584,Sarah,Walker,36,Russian Federation,Estudiante,2025-01-19,SmartTV
585,Brianna,Pace,20,United States Minor Outlying Islands,Gratuito,2024-12-19,PC
586,Tiffany,Holt,28,Korea,Gratuito,2024-04-03,Móvil
587,Steven,Bennett,45,Argentina,Premium,2023-05-19,Tablet
588,Kathryn,Donovan,51,Faroe Islands,Estudiante,2023-07-01,Tablet
589,Thomas,Rosales,53,South Africa,Gratuito,2024-06-23,Móvil
590,Christopher,Brown,25,Cambodia,Familiar,2023-08-17,Móvil
591,Lauren,Boone,47,Canada,Premium,2023-09-27,PC
592,Brandon,Crawford,51,Macedonia,Familiar,2024-03-18,Móvil
593,Sarah,Jackson,37,Cook Islands,Gratuito,2024-05-05,PC
594,Donna,Collins,49,Saint Kitts and Nevis,Familiar,2024-10-29,Móvil
595,Lisa,Smith,33,Comoros,Premium,2025-02-21,Móvil
596,Jorge,Jennings,36,Antigua and Barbuda,Gratuito,2023-05-25,SmartTV
597,Evan,Lozano,57,Morocco,Familiar,2023-04-28,Móvil
598,Alison,Golden,41,Greece,Gratuito,2024-09-16,Tablet
599,Frank,Jones,43,San Marino,Gratuito,2024-09-20,Tablet
600,Kaitlyn,Sellers,39,Liberia,Familiar,2024-08-23,Móvil
601,Jill,Woods,53,Morocco,Estudiante,2024-06-24,PC
602,Cynthia,Mcmahon,52,Slovakia (Slovak Republic),Gratuito,2024-01-20,Tablet
603,Adam,Lewis,42,Bolivia,Premium,2023-05-17,SmartTV
604,Donald,York,28,United Arab Emirates,Familiar,2023-04-12,Móvil
605,Angie,Olsen,53,Anguilla,Premium,2024-03-10,PC
606,Karen,Barrett,23,Christmas Island,Premium,2024-04-28,Móvil
607,Mark,Bennett,27,New Zealand,Familiar,2024-06-25,SmartTV
608,Karen,Coleman,35,Ethiopia,Gratuito,2023-11-22,Tablet
609,John,David,26,Cyprus,Gratuito,2024-06-03,Móvil
610,Sean,Walters,30,Sri Lanka,Gratuito,2023-08-03,PC
611,Sharon,Rodriguez,49,Monaco,Gratuito,2024-07-25,PC
612,Molly,Franco,23,Gabon,Familiar,2024-08-06,Móvil
613,Tracy,Michael,35,Greece,Familiar,2023-11-25,Tablet
614,Crystal,Carpenter,30,Trinidad and Tobago,Estudiante,2024-08-05,PC
615,Natalie,Avery,35,India,Gratuito,2023-12-07,PC
616,Ashley,Jacobs,46,Saint Martin,Familiar,2023-11-12,Tablet
617,Connie,Clark,27,Antarctica (the territory South of 60 deg S),Estudiante,2024-06-30,SmartTV
618,Cassie,Larson,21,Italy,Estudiante,2024-12-14,Móvil
619,Isabel,Wong,24,Isle of Man,Premium,2023-07-01,SmartTV
620,Mark,Joyce,57,Hungary,Gratuito,2023-11-09,Móvil
621,Daniel,Moran,56,Bhutan,Estudiante,2024-05-27,Móvil
622,Tyler,Hale,23,Sierra Leone,Premium,2024-08-27,Móvil
623,John,Thompson,47,Colombia,Familiar,2024-11-03,SmartTV
624,Mark,Lewis,44,Ecuador,Estudiante,2024-12-25,PC
625,Samuel,Harrison,49,Lebanon,Familiar,2024-11-14,Tablet
626,Mary,Morgan,35,Denmark,Gratuito,2024-06-14,SmartTV
627,Elizabeth,Mendoza,43,Syrian Arab Republic,Familiar,2024-12-28,Móvil
628,Maurice,Hatfield,26,Singapore,Estudiante,2024-11-13,Tablet
629,Kelly,Taylor,28,China,Estudiante,2024-07-27,PC
630,William,Fischer,21,Finland,Gratuito,2023-09-25,PC
631,Steven,Jones,49,Monaco,Estudiante,2023-09-07,PC
632,Cynthia,Carpenter,51,Sri Lanka,Familiar,2024-02-13,PC
633,Angela,Massey,59,Tajikistan,Estudiante,2024-10-08,SmartTV
634,Lisa,Rodriguez,33,Seychelles,Premium,2024-06-05,PC
635,Jonathan,Campos,32,Saint Vincent and the Grenadines,Gratuito,2024-06-11,Móvil
636,Karen,Mclaughlin,60,Suriname,Gratuito,2024-10-18,SmartTV
637,Kyle,Garcia,53,British Indian Ocean Territory (Chagos Archipelago),Gratuito,2023-10-16,Móvil
638,Michele,Saunders,36,Belarus,Premium,2024-01-21,Móvil
639,Thomas,Escobar,31,Saint Barthelemy,Premium,2025-01-30,Tablet
640,Teresa,Anderson,28,Croatia,Familiar,2023-09-15,SmartTV
641,Angie,Young,30,Saint Martin,Familiar,2024-09-27,PC
642,Jennifer,Cole,35,Maldives,Gratuito,2024-11-22,SmartTV
643,Javier,Coleman,22,Netherlands,Premium,2024-07-07,Tablet
644,Stephanie,Walker,37,Palestinian Territory,Estudiante,2023-05-06,PC
645,Alex,Hernandez,44,Gabon,Premium,2024-08-21,Tablet
646,Nathaniel,Wade,29,Iran,Gratuito,2023-09-25,SmartTV
647,John,Jennings,28,Svalbard & Jan Mayen Islands,Gratuito,2024-01-28,Móvil
648,Dana,Richards,55,Niger,Premium,2023-10-29,Tablet
649,Keith,Hodge,49,Guadeloupe,Familiar,2023-07-01,Móvil
650,Karen,Crawford,27,Bahamas,Estudiante,2023-11-14,SmartTV
651,Suzanne,Pham,37,Chad,Familiar,2024-06-21,Móvil
652,Shane,Harris,24,Mexico,Estudiante,2024-11-08,PC
653,Bradley,Wheeler,59,French Southern Territories,Estudiante,2023-08-01,SmartTV
654,Karen,Thomas,51,Christmas Island,Premium,2023-11-06,Móvil
655,Patrick,Horton,59,New Caledonia,Estudiante,2024-06-25,PC
656,Eric,Cline,38,Cyprus,Premium,2024-12-07,PC
657,Cory,Jones,36,Tokelau,Premium,2023-05-30,SmartTV
658,Karina,Miller,41,Japan,Estudiante,2024-09-15,Móvil
659,Travis,Hines,35,Greece,Premium,2024-09-02,PC
660,Judy,Allen,56,Ghana,Familiar,2023-07-03,Móvil
661,Cheryl,Mercado,26,Comoros,Estudiante,2024-08-06,Móvil
662,Renee,Cannon,37,Barbados,Premium,2023-09-07,Tablet
663,Shelly,Lynch,46,United States Virgin Islands,Gratuito,2023-12-17,SmartTV
664,Taylor,Fuller,57,Jersey,Premium,2023-03-29,Tablet
665,Beverly,Humphrey,25,Kenya,Estudiante,2024-11-07,Móvil
666,Jessica,Blanchard,38,Lesotho,Premium,2024-09-08,Tablet
667,April,Wilson,50,Vanuatu,Estudiante,2024-05-16,Móvil
668,Walter,Chen,19,Central African Republic,Estudiante,2023-03-18,Tablet
669,Jessica,Scott,60,Russian Federation,Familiar,2024-05-27,PC
670,Dale,Benson,58,Saudi Arabia,Estudiante,2024-03-22,Tablet
671,Jamie,Romero,48,Luxembourg,Estudiante,2024-10-03,PC
672,Jill,Jackson,34,Ghana,Gratuito,2023-09-25,PC
673,Tyler,Wu,30,Gabon,Gratuito,2024-12-25,PC
674,Thomas,Phillips,41,Bangladesh,Estudiante,2024-06-11,Móvil
675,John,Hampton,19,Latvia,Premium,2024-06-21,SmartTV
676,Susan,Drake,60,Bahrain,Gratuito,2023-11-10,Móvil
677,Caleb,Garcia,22,Mauritania,Estudiante,2024-08-11,PC
678,Logan,Nguyen,56,French Guiana,Estudiante,2024-08-04,Tablet
679,Lee,Paul,18,Russian Federation,Estudiante,2023-09-01,Móvil
680,Robert,Cox,42,Iran,Premium,2023-09-29,PC
681,Alejandro,Sandoval,25,Greenland,Premium,2023-05-16,Tablet
682,Scott,Parsons,55,Aruba,Gratuito,2023-07-20,Móvil
683,Kimberly,Estrada,38,Georgia,Familiar,2024-07-14,PC
684,Bailey,Golden,60,French Guiana,Estudiante,2024-04-22,Móvil
685,Jennifer,Blackwell,47,South Georgia and the South Sandwich Islands,Estudiante,2024-09-23,Móvil
686,Jeremy,Lyons,55,Saudi Arabia,Estudiante,2024-02-08,Móvil
687,Wayne,King,50,Cayman Islands,Familiar,2023-08-11,Móvil
688,William,Landry,51,Mongolia,Estudiante,2023-06-29,SmartTV
689,Katherine,Duncan,58,Russian Federation,Gratuito,2024-02-17,Tablet
690,Michael,Thomas,33,Saint Helena,Premium,2023-08-19,Tablet
691,Jennifer,Walker,36,Saint Lucia,Estudiante,2024-03-06,Móvil
692,Mitchell,Cook,57,Malta,Familiar,2023-06-30,Móvil
693,Thomas,Bush,57,Macao,Familiar,2024-07-19,Móvil
694,Allison,Davidson,44,Macedonia,Estudiante,2025-02-17,Móvil
695,Lynn,Miller,28,Malawi,Premium,2023-06-15,Tablet
696,Bobby,Perry,53,Palestinian Territory,Estudiante,2024-03-03,SmartTV
697,James,Fuller,46,Bolivia,Premium,2024-01-13,SmartTV
698,Kristen,Gill,39,Uganda,Gratuito,2025-01-03,Móvil
699,Steven,Warren,26,Andorra,Premium,2023-07-29,Móvil
700,Joyce,Roberts,56,Antigua and Barbuda,Estudiante,2023-11-10,PC
701,Karen,Reyes,26,Finland,Familiar,2023-08-05,Tablet
702,Elizabeth,Norris,44,Sudan,Gratuito,2025-02-14,Móvil
703,Darrell,Frey,42,Brazil,Gratuito,2023-05-29,SmartTV
704,Douglas,Crawford,28,Tanzania,Gratuito,2025-02-14,Móvil
705,Lauren,Mays,30,Anguilla,Gratuito,2024-09-01,PC
706,Stephanie,Escobar,58,Botswana,Familiar,2023-10-03,Tablet
707,Theresa,Perez,20,Svalbard & Jan Mayen Islands,Estudiante,2024-09-14,PC
708,Sara,Holt,22,Jersey,Estudiante,2023-04-19,SmartTV
709,Jonathan,Jones,56,Belarus,Familiar,2024-07-12,SmartTV
710,Jason,Potter,35,Monaco,Premium,2024-06-01,PC
711,Jeffrey,Murphy,51,Cote d'Ivoire,Gratuito,2024-12-11,Tablet
712,Debra,Thompson,25,Namibia,Premium,2023-05-03,SmartTV
713,Erica,Clark,51,Uzbekistan,Premium,2023-03-06,SmartTV
714,Todd,Brown,40,Antigua and Barbuda,Estudiante,2023-11-06,PC
715,Sandra,Perez,44,Marshall Islands,Gratuito,2024-07-19,SmartTV
716,Jennifer,Burgess,41,Austria,Gratuito,2023-02-28,Tablet
717,Christopher,Robinson,35,Cuba,Premium,2024-11-29,Tablet
718,Corey,Ramos,22,Palau,Estudiante,2023-09-13,Tablet
719,Connor,Ramirez,48,Christmas Island,Estudiante,2023-03-27,Móvil
720,Eric,Roberts,26,Sudan,Gratuito,2023-06-22,Tablet
721,Kevin,Tucker,54,Qatar,Premium,2024-02-27,Tablet
722,Hunter,Burke,32,Turkey,Familiar,2024-10-29,Móvil
723,Joshua,Spence,29,Oman,Premium,2025-01-13,SmartTV
724,Joseph,Gibbs,51,Cote d'Ivoire,Gratuito,2024-01-26,Tablet
725,Dana,Gallegos,34,Saint Barthelemy,Estudiante,2023-09-29,PC
726,Stacey,Trujillo,47,Albania,Gratuito,2024-11-02,PC
727,Shawn,Harris,47,Portugal,Premium,2025-01-13,Móvil
728,Taylor,Harris,30,Belarus,Estudiante,2025-02-25,PC
729,Regina,Cook,42,Suriname,Estudiante,2024-12-02,Tablet
730,Keith,Flores,48,South Georgia and the South Sandwich Islands,Gratuito,2024-08-10,PC
731,Brian,Sims,35,Samoa,Premium,2023-07-02,Móvil
732,Charles,Richards,46,Montenegro,Gratuito,2023-04-01,PC
733,Robert,Malone,56,Congo,Gratuito,2024-05-05,PC
734,Samuel,Medina,18,Cayman Islands,Gratuito,2024-03-17,SmartTV
735,Eugene,Black,60,Cambodia,Estudiante,2024-08-12,Tablet
736,Brittany,Steele,53,Poland,Premium,2023-10-08,Tablet
737,Robert,Wilson,48,Djibouti,Premium,2023-04-03,SmartTV
738,Craig,Cooper,46,Central African Republic,Estudiante,2024-03-04,Móvil
739,George,Dyer,27,Dominican Republic,Gratuito,2024-04-02,Móvil
740,Jennifer,Thompson,56,Tajikistan,Estudiante,2024-05-25,Tablet
741,Peter,Johnson,55,Bahamas,Premium,2023-11-23,SmartTV
742,Walter,Rogers,43,Falkland Islands (Malvinas),Familiar,2024-04-08,SmartTV
743,Alexis,Beltran,38,Iraq,Estudiante,2024-02-17,Tablet
744,Jerry,Chavez,50,Bangladesh,Gratuito,2023-08-11,SmartTV
745,Donna,Davis,28,Nauru,Premium,2024-06-09,SmartTV
746,Emily,Ross,58,Cape Verde,Familiar,2023-09-20,Móvil
747,Jessica,Whitaker,29,Ireland,Estudiante,2024-10-20,Móvil
748,Andrew,Williams,51,Korea,Familiar,2023-05-27,Móvil
749,Grace,Mcmillan,18,Kyrgyz Republic,Gratuito,2023-11-18,Tablet
750,Sonya,Adams,51,Holy See (Vatican City State),Premium,2023-03-13,PC
751,William,Hill,21,Thailand,Gratuito,2023-10-25,Tablet
752,Michael,Wells,51,Kyrgyz Republic,Familiar,2024-10-14,SmartTV
753,Brian,Nguyen,34,Malawi,Gratuito,2023-04-09,SmartTV
754,Keith,Braun,26,Venezuela,Premium,2024-10-07,Móvil
755,Nicole,Duncan,49,Jersey,Familiar,2023-11-26,PC
756,Amy,Robles,51,Guam,Premium,2024-07-07,PC
757,Mark,Horton,59,Andorra,Premium,2024-10-07,Tablet
758,Richard,Archer,41,Saint Barthelemy,Estudiante,2024-04-23,Móvil
759,Ashley,Oliver,40,Morocco,Premium,2024-04-27,PC
760,Samuel,Thomas,18,Vietnam,Familiar,2024-04-12,SmartTV
761,Jeffrey,Lowery,25,Aruba,Familiar,2025-01-05,SmartTV
762,Jennifer,Davis,34,Djibouti,Estudiante,2024-11-16,Tablet
763,Maria,Perry,49,Namibia,Estudiante,2023-06-13,Tablet
764,Amanda,Williams,44,Hong Kong,Premium,2023-12-27,SmartTV
765,Robert,Olson,20,French Polynesia,Gratuito,2023-11-19,SmartTV
766,Theodore,Kelly,24,Afghanistan,Premium,2024-10-16,SmartTV
767,Elizabeth,Robles,29,Somalia,Gratuito,2023-04-08,PC
768,Erin,Harris,53,Belize,Gratuito,2024-11-02,Tablet
769,Michael,Lee,23,Namibia,Familiar,2024-07-02,Tablet
770,Benjamin,Anderson,50,British Indian Ocean Territory (Chagos Archipelago),Gratuito,2024-10-09,PC
771,Nancy,Parker,28,Israel,Premium,2023-12-02,Tablet
772,William,Hawkins,52,Latvia,Familiar,2024-10-16,PC
773,Jeffrey,Garner,46,Tunisia,Premium,2023-06-14,Tablet
774,Aaron,Espinoza,51,British Indian Ocean Territory (Chagos Archipelago),Estudiante,2024-03-25,Tablet
775,Michelle,Juarez,47,Zimbabwe,Premium,2023-11-08,Tablet
776,Heidi,Martinez,51,Sierra Leone,Gratuito,2023-06-10,SmartTV
777,Christina,Stanley,21,Bouvet Island (Bouvetoya),Gratuito,2024-04-08,SmartTV
778,Laura,Elliott,53,Tuvalu,Premium,2024-09-17,SmartTV
779,Susan,Baker,31,Eritrea,Premium,2024-10-19,Móvil
780,Brian,Mitchell,46,Montenegro,Premium,2023-04-18,Móvil
781,Timothy,Perez,38,Armenia,Estudiante,2023-09-04,Móvil
782,Natalie,Ward,25,United States Virgin Islands,Estudiante,2024-02-10,SmartTV
783,Sarah,Anderson,55,Niger,Familiar,2024-09-05,PC
784,Brian,Johnson,55,Cape Verde,Familiar,2023-07-22,PC
785,Robin,Tran,33,United States Virgin Islands,Estudiante,2023-03-03,Móvil
786,Kenneth,Diaz,31,Antigua and Barbuda,Familiar,2024-11-16,Móvil
787,Joseph,Schneider,28,Spain,Estudiante,2023-09-14,Móvil
788,Mandy,Grant,37,Turkey,Estudiante,2023-04-05,Tablet
789,Adam,Austin,35,Solomon Islands,Gratuito,2024-01-18,Tablet
790,Melissa,Mathews,57,Mexico,Estudiante,2023-11-23,SmartTV
791,Amber,Hall,19,Moldova,Estudiante,2023-12-10,Tablet
792,Christine,Brown,58,Lesotho,Familiar,2024-11-12,PC
793,Sherry,Garcia,56,Falkland Islands (Malvinas),Estudiante,2024-06-08,Tablet
794,Christopher,Mcdowell,25,Dominica,Familiar,2023-11-23,PC
795,Eric,Taylor,60,Uzbekistan,Gratuito,2023-06-01,PC
796,Rebecca,Erickson,30,Slovenia,Gratuito,2024-01-07,Móvil
797,Edwin,Huang,24,France,Gratuito,2024-05-14,SmartTV
798,Katherine,Petty,52,Brazil,Gratuito,2023-10-02,SmartTV
799,Tonya,Walker,49,Andorra,Estudiante,2024-04-24,SmartTV
800,Kristin,Bailey,54,Japan,Familiar,2025-02-24,Tablet
801,Anthony,King,58,Bouvet Island (Bouvetoya),Gratuito,2023-07-05,Móvil
802,Dawn,Hall,51,Maldives,Estudiante,2023-08-12,Móvil
803,Brian,Brown,48,Gabon,Premium,2024-01-05,Móvil
804,Randall,Davis,33,Falkland Islands (Malvinas),Premium,2023-04-27,SmartTV
805,Tyler,Wilson,42,Netherlands,Gratuito,2024-08-28,SmartTV
806,Christine,Davis,19,Mongolia,Estudiante,2024-06-26,SmartTV
807,Thomas,Smith,35,Maldives,Premium,2024-01-23,Tablet
808,Jason,Byrd,46,Western Sahara,Gratuito,2024-11-07,PC
809,Jessica,Young,26,Micronesia,Estudiante,2023-12-11,Tablet
810,Mary,Ellis,52,China,Familiar,2023-03-05,PC
811,Lawrence,Hernandez,24,Jersey,Familiar,2024-06-13,Móvil
812,Jason,Miles,28,Trinidad and Tobago,Premium,2023-02-26,Tablet
813,Kelly,Woods,29,Greece,Gratuito,2024-06-20,Tablet
814,Belinda,Frank,42,Marshall Islands,Estudiante,2024-04-16,SmartTV
815,Vincent,Ferguson,46,Vanuatu,Gratuito,2023-05-14,Tablet
816,Jennifer,Serrano,34,Cook Islands,Estudiante,2024-01-23,Móvil
817,Kelli,Potts,18,Papua New Guinea,Familiar,2024-11-26,SmartTV
818,Jeffrey,Barrera,35,Afghanistan,Gratuito,2023-03-20,SmartTV
819,Richard,Martin,41,Canada,Estudiante,2025-02-01,SmartTV
820,Jennifer,Giles,60,Sao Tome and Principe,Premium,2023-03-14,PC
821,Danielle,Thompson,26,Sierra Leone,Estudiante,2025-01-12,Móvil
822,Heather,Choi,51,Holy See (Vatican City State),Premium,2023-10-29,Tablet
823,Larry,Kelly,43,Guatemala,Gratuito,2023-08-01,Tablet
824,Nathan,Hall,35,Brazil,Premium,2024-02-10,Tablet
825,Melanie,Butler,58,American Samoa,Familiar,2024-12-05,SmartTV
826,Mark,Johnson,30,Martinique,Gratuito,2024-03-16,SmartTV
827,Bryan,Smith,43,Tuvalu,Estudiante,2023-12-22,PC
828,Daniel,Good,51,Albania,Gratuito,2024-11-30,SmartTV
829,Julie,Lawson,54,Chad,Estudiante,2023-07-19,PC
830,Gabrielle,Jones,30,Georgia,Estudiante,2023-06-12,Tablet
831,William,Taylor,19,Afghanistan,Gratuito,2023-07-28,Móvil
832,Jessica,Patterson,38,Estonia,Premium,2024-05-20,SmartTV
833,Pamela,Davis,49,Cambodia,Familiar,2024-06-24,Tablet
834,Mallory,Stewart,25,Suriname,Familiar,2023-07-26,Móvil
835,Eddie,Reyes,48,Russian Federation,Familiar,2024-07-04,SmartTV
836,Christopher,Todd,24,Saudi Arabia,Premium,2024-05-25,Tablet
837,Alexandra,Marsh,31,France,Premium,2024-04-24,Tablet
838,Wesley,Wilson,27,Guinea-Bissau,Gratuito,2025-02-16,SmartTV
839,Lisa,Thomas,46,Mongolia,Gratuito,2024-02-08,Tablet
840,Katelyn,Henderson,24,Turkey,Premium,2023-07-24,SmartTV
841,Matthew,Arias,40,British Indian Ocean Territory (Chagos Archipelago),Familiar,2023-08-16,Móvil
842,Roy,Brandt,38,Grenada,Familiar,2023-10-29,SmartTV
843,Haley,Bailey,40,Saint Pierre and Miquelon,Premium,2023-12-23,SmartTV
844,Brandy,Sims,29,Equatorial Guinea,Premium,2024-10-02,Tablet
845,Stephen,Anderson,27,Bhutan,Estudiante,2024-04-13,Tablet
846,James,Lewis,57,Rwanda,Estudiante,2024-12-10,PC
847,Zachary,Castaneda,52,Yemen,Gratuito,2023-06-27,Móvil
848,Amanda,Owens,21,Belarus,Familiar,2024-10-02,SmartTV
849,Michelle,Gonzalez,47,Afghanistan,Estudiante,2024-06-18,Móvil
850,Matthew,Taylor,23,South Georgia and the South Sandwich Islands,Familiar,2024-01-19,Móvil
851,Joshua,Wolf,58,Liechtenstein,Premium,2025-02-21,Móvil
852,Austin,Diaz,58,Russian Federation,Estudiante,2024-05-16,PC
853,Matthew,Duncan,19,Ukraine,Estudiante,2023-09-05,Tablet
854,Gregory,Collins,38,Vanuatu,Gratuito,2024-01-16,SmartTV
855,Thomas,Norris,33,Ghana,Premium,2024-11-02,SmartTV
856,Matthew,Hernandez,27,Barbados,Gratuito,2024-12-11,Móvil
857,Michael,Russell,41,Guatemala,Premium,2023-12-13,Móvil
858,Kimberly,Jones,23,Maldives,Premium,2023-03-10,Tablet
859,Lisa,Howard,57,Taiwan,Gratuito,2023-10-26,Móvil
860,Courtney,Taylor,44,Turkey,Estudiante,2024-09-18,Móvil
861,Amber,Lewis,35,Lithuania,Premium,2024-02-18,Tablet
862,Larry,Willis,37,Turkey,Gratuito,2025-01-31,SmartTV
863,Ashley,Jones,54,British Virgin Islands,Familiar,2023-03-12,PC
864,Stephanie,Taylor,24,Albania,Gratuito,2023-10-10,Móvil
865,Dana,Barrera,20,Russian Federation,Estudiante,2024-05-06,Móvil
866,Tony,Stafford,56,Qatar,Premium,2024-04-03,SmartTV
867,Seth,Johnson,25,Gabon,Premium,2023-04-18,SmartTV
868,Mark,Haynes,36,Russian Federation,Premium,2023-03-03,Móvil
869,Frank,Wilson,48,Heard Island and McDonald Islands,Estudiante,2024-05-02,SmartTV
870,Jade,Thomas,42,Belize,Estudiante,2023-03-21,PC
871,David,Robinson,42,Brazil,Estudiante,2023-05-17,PC
872,Sarah,Taylor,38,Bangladesh,Gratuito,2024-10-29,PC
873,Carl,Warner,44,Indonesia,Familiar,2024-11-28,SmartTV
874,Cassandra,Jensen,48,Gambia,Estudiante,2024-03-20,PC
875,Heather,Bridges,40,Netherlands Antilles,Gratuito,2024-07-08,PC
876,Tamara,Mclaughlin,56,Nepal,Gratuito,2024-10-14,Tablet
877,Roger,Patterson,45,Mayotte,Premium,2024-07-27,PC
878,Angela,Adkins,50,Turkmenistan,Gratuito,2024-05-17,Tablet
879,Michael,Phillips,23,Haiti,Gratuito,2023-03-06,SmartTV
880,Mary,Willis,32,Isle of Man,Familiar,2025-01-28,PC
881,Katherine,Erickson,35,Suriname,Gratuito,2024-12-29,Móvil
882,Marvin,Luna,28,Bulgaria,Familiar,2024-04-18,Móvil
883,Anthony,Lane,40,Saint Lucia,Premium,2023-07-03,PC
884,Anthony,Davis,60,Vietnam,Familiar,2023-05-09,Móvil
885,John,Weeks,28,Grenada,Estudiante,2023-06-16,Móvil
886,Jessica,White,31,Ecuador,Premium,2024-07-21,Móvil
887,Ernest,Frank,31,Western Sahara,Gratuito,2023-06-16,Tablet
888,Deborah,Cain,59,Nauru,Estudiante,2023-09-13,SmartTV
889,Max,Pittman,23,Sudan,Gratuito,2023-06-17,Móvil
890,Jimmy,Jones,19,Christmas Island,Gratuito,2024-02-20,PC
891,Sabrina,Moody,44,Nicaragua,Familiar,2024-07-20,Móvil
892,Tyler,Davis,35,Liechtenstein,Estudiante,2023-07-07,SmartTV
893,Anthony,Weaver,22,Sri Lanka,Estudiante,2023-08-27,Tablet
894,Emily,Ewing,21,Mali,Familiar,2023-04-01,Tablet
895,Claudia,Young,54,Korea,Familiar,2024-02-16,Móvil
896,Matthew,Baker,39,Bermuda,Gratuito,2023-12-31,PC
897,Sharon,Cox,45,Sri Lanka,Estudiante,2024-01-25,PC
898,Tyler,Golden,60,Niue,Premium,2024-08-07,SmartTV
899,Kayla,James,30,Rwanda,Premium,2024-12-28,Tablet
900,April,Friedman,37,Timor-Leste,Familiar,2024-08-30,SmartTV
901,Joshua,Leblanc,34,Montenegro,Estudiante,2024-01-05,SmartTV
902,Margaret,Martin,41,Cyprus,Premium,2024-01-22,Móvil
903,Monique,Fletcher,23,Cuba,Gratuito,2024-04-26,Tablet
904,Ronald,Reid,24,Bouvet Island (Bouvetoya),Estudiante,2023-04-03,Móvil
905,Kim,Gallagher,57,Gibraltar,Gratuito,2024-08-31,Móvil
906,Jennifer,Thompson,52,Italy,Premium,2023-11-21,SmartTV
907,Jerome,Young,44,Paraguay,Familiar,2024-01-19,PC
908,Eric,Salas,28,Libyan Arab Jamahiriya,Familiar,2023-03-06,Tablet
909,Tricia,Hernandez,55,Lithuania,Gratuito,2024-03-17,SmartTV
910,Michael,Rodriguez,40,Burkina Faso,Premium,2023-10-26,Móvil
911,Daniel,Smith,19,Montenegro,Gratuito,2024-09-02,Tablet
912,Sarah,Taylor,32,Antigua and Barbuda,Familiar,2023-05-26,Tablet
913,James,Robertson,21,Botswana,Gratuito,2023-05-24,PC
914,Vanessa,Mathews,53,Syrian Arab Republic,Estudiante,2024-11-17,Tablet
915,Victor,Martinez,27,Liberia,Gratuito,2024-05-16,Móvil
916,Juan,Blankenship,51,Finland,Familiar,2024-02-29,PC
917,Susan,Alexander,47,Kazakhstan,Estudiante,2024-04-28,PC
918,Catherine,Wilson,24,Trinidad and Tobago,Familiar,2023-05-20,PC
919,Joseph,Mora,43,Tunisia,Estudiante,2024-12-10,Tablet
920,Ryan,West,22,Moldova,Estudiante,2023-12-25,PC
921,Lisa,Mosley,55,Lao People's Democratic Republic,Estudiante,2024-07-30,PC
922,Matthew,Flores,26,Cameroon,Premium,2024-05-31,PC
923,Philip,Evans,52,Guinea,Estudiante,2023-10-08,Móvil
924,Lance,Hudson,41,Ethiopia,Gratuito,2024-12-26,Móvil
925,Lisa,Patterson,49,Australia,Gratuito,2024-10-24,SmartTV
926,Steven,Calderon,24,Andorra,Familiar,2023-12-02,Móvil
927,Eric,Henderson,57,Western Sahara,Premium,2024-12-19,Móvil
928,Alfred,Miller,51,Tuvalu,Familiar,2023-05-11,Tablet
929,Adrian,Park,27,Bulgaria,Gratuito,2024-03-26,Móvil
930,Christina,Harris,28,Comoros,Estudiante,2023-06-05,SmartTV
931,Jesse,Anderson,60,Botswana,Gratuito,2023-03-14,PC
932,Cameron,Marsh,25,Turks and Caicos Islands,Estudiante,2023-10-07,Tablet
933,Suzanne,Mccarthy,60,Azerbaijan,Premium,2024-11-28,Tablet
934,Theresa,Williams,28,Morocco,Premium,2024-09-28,Móvil
935,Danielle,Rodriguez,42,Vietnam,Gratuito,2024-01-31,SmartTV
936,Michael,Smith,26,Nigeria,Estudiante,2024-07-26,PC
937,Robert,Lee,22,Chile,Gratuito,2024-05-10,Móvil
938,Paul,Boyle,55,Denmark,Gratuito,2024-02-26,Móvil
939,Sabrina,Blake,25,Saint Barthelemy,Premium,2024-11-22,SmartTV
940,Julie,Bates,20,Pitcairn Islands,Estudiante,2023-08-30,SmartTV
941,Debra,Martin,30,Japan,Familiar,2024-07-22,Tablet
942,Angela,Gardner,38,Cambodia,Estudiante,2024-10-09,Tablet
943,Ralph,Webb,40,Zambia,Premium,2023-03-12,PC
944,Sarah,Lopez,30,French Southern Territories,Familiar,2024-07-14,PC
945,Amber,Wall,20,French Southern Territories,Gratuito,2023-05-17,Móvil
946,Chelsea,Hayden,42,Bhutan,Premium,2024-04-18,Móvil
947,Jose,Kennedy,36,Mauritius,Premium,2024-06-26,SmartTV
948,Michael,Garcia,42,Eritrea,Estudiante,2024-01-30,Tablet
949,Martin,Carpenter,57,Venezuela,Familiar,2024-05-23,Tablet
950,Wanda,Boyer,25,Sao Tome and Principe,Estudiante,2024-11-08,PC
951,Tracy,Shields,29,Gibraltar,Familiar,2025-01-24,Móvil
952,John,Baldwin,43,Macao,Premium,2023-12-26,PC
953,David,Wright,37,Uganda,Gratuito,2023-05-28,SmartTV
954,Brian,Rivera,33,Zambia,Gratuito,2023-03-16,Móvil
955,Angela,Smith,57,Panama,Familiar,2023-08-14,Móvil
956,Keith,Pennington,32,Bouvet Island (Bouvetoya),Estudiante,2024-05-30,SmartTV
957,Juan,Jacobs,58,Russian Federation,Familiar,2024-01-21,PC
958,Priscilla,Long,56,Moldova,Familiar,2024-06-01,Móvil
959,Carol,Le,58,Saint Pierre and Miquelon,Familiar,2024-05-24,PC
960,Emily,Arias,33,Chile,Gratuito,2024-04-23,Tablet
961,Tyler,Estrada,32,Portugal,Gratuito,2023-03-13,Tablet
962,Carolyn,Wright,19,Spain,Familiar,2024-03-20,SmartTV
963,Shannon,Reynolds,27,Mauritania,Estudiante,2024-09-01,SmartTV
964,Sharon,Morse,42,Swaziland,Premium,2024-11-09,Móvil
965,Robert,Villarreal,44,Benin,Gratuito,2023-03-28,Tablet
966,Deborah,Casey,29,Panama,Estudiante,2024-07-19,PC
967,Eric,Mitchell,20,Azerbaijan,Premium,2023-05-03,Tablet
968,William,Joyce,18,Ghana,Familiar,2024-02-29,Tablet
969,Kristina,Santana,30,Grenada,Familiar,2024-12-07,PC
970,Lindsay,Jenkins,21,Ireland,Premium,2024-03-26,Móvil
971,Michelle,Lopez,54,Belarus,Gratuito,2024-06-01,Tablet
972,Tammy,Robles,52,Cote d'Ivoire,Gratuito,2024-04-13,SmartTV
973,Jared,Chavez,34,French Polynesia,Gratuito,2023-06-05,Móvil
974,Dillon,Braun,29,Comoros,Premium,2023-12-17,PC
975,Amber,Weaver,43,Croatia,Estudiante,2024-06-11,PC
976,Teresa,Ramirez,21,Hungary,Estudiante,2024-08-04,PC
977,Christina,Johnson,29,United States of America,Premium,2024-05-01,PC
978,Adam,Meyer,34,Algeria,Premium,2025-02-06,Móvil
979,Joshua,Long,56,Dominican Republic,Premium,2023-05-14,Móvil
980,Anthony,White,19,Honduras,Familiar,2024-11-14,PC
981,Michelle,Merritt,43,Namibia,Estudiante,2023-09-19,SmartTV
982,Deborah,Johnson,28,Kyrgyz Republic,Gratuito,2024-01-06,SmartTV
983,Kelsey,Johnson,27,Andorra,Gratuito,2024-03-23,Tablet
984,Lisa,Gibbs,38,Cameroon,Estudiante,2024-08-29,PC
985,Alexander,Hale,46,Bosnia and Herzegovina,Estudiante,2023-09-03,Tablet
986,Janet,Smith,60,Kenya,Estudiante,2024-05-31,Tablet
987,Alexis,Mcdaniel,51,Taiwan,Familiar,2023-10-31,SmartTV
988,Robert,Patterson,38,American Samoa,Gratuito,2025-02-01,Tablet
989,Ronald,Reyes,47,Saudi Arabia,Premium,2024-10-24,PC
990,Robert,White,21,Taiwan,Estudiante,2023-11-10,Móvil
991,Noah,Williams,23,Paraguay,Familiar,2024-07-20,Móvil
992,Michael,Stewart,37,Uganda,Familiar,2024-11-05,SmartTV
993,Jessica,Jones,22,French Southern Territories,Gratuito,2023-08-09,PC
994,Charles,Kane,33,Saint Barthelemy,Premium,2023-08-13,SmartTV
995,Diana,Shah,30,Lesotho,Estudiante,2023-06-15,PC
996,Randall,Thomas,56,Somalia,Familiar,2024-06-04,SmartTV
997,Victoria,Warner,37,Tuvalu,Gratuito,2023-05-31,SmartTV
998,Diana,Bryant,49,Northern Mariana Islands,Gratuito,2024-10-09,Móvil
999,Dwayne,Miller,33,Denmark,Premium,2025-01-16,PC
1000,Keith,Dean,29,San Marino,Gratuito,2023-11-08,SmartTV
